Step,AgentID,Delay time,Driving time of cars leaving
947,200412,,"[['Truck216016', 906]]"
970,200412,,"[['Truck216002', 964]]"
998,200000,,"[['Truck216011', 972]]"
999,200000,,"[['Truck216003', 993]]"
1019,200000,,"[['Truck216021', 968]]"
1031,200412,,"[['Truck216000', 1030]]"
1033,200000,,"[['Truck216005', 1022]]"
1037,200000,,"[['Truck216017', 996]]"
1039,200000,,"[['Truck216029', 968]]"
1039,200412,,"[['Truck216054', 903]]"
1041,200412,,"[['Truck216024', 980]]"
1044,200000,,"[['Truck216009', 1023]]"
1048,200412,,"[['Truck216008', 1027]]"
1054,200412,,"[['Truck216036', 963]]"
1057,200000,,"[['Truck216031', 981]]"
1061,200000,,"[['Truck216049', 940]]"
1061,200412,,"[['Truck216006', 1045]]"
1064,200000,,"[['Truck216033', 983]]"
1067,200000,,"[['Truck216019', 1021]]"
1067,200412,,"[['Truck216010', 1041]]"
1068,200412,,"[['Truck216012', 1037], ['Truck216082', 862]]"
1069,200412,,"[['Truck216030', 993]]"
1072,200412,,"[['Truck216026', 1006]]"
1073,200412,,"[['Truck216004', 1062]]"
1074,200000,,"[['Truck216025', 1013]]"
1074,200412,,"[['Truck216056', 933]]"
1080,200000,,"[['Truck216041', 979]]"
1081,200000,,"[['Truck216013', 1050]]"
1081,200412,,"[['Truck216020', 1030]]"
1082,200000,,"[['Truck216001', 1081]]"
1086,200000,,"[['Truck216035', 1000]]"
1087,200000,,"[['Truck216015', 1051]]"
1089,200412,,"[['Truck216032', 1008]]"
1090,200000,,"[['Truck216027', 1024]]"
1094,200000,,"[['Truck216007', 1078]]"
1098,200000,,"[['Truck216059', 952]]"
1105,200412,,"[['Truck216038', 1009]]"
1106,200000,,"[['Truck216065', 945]]"
1106,200412,,"[['Truck216022', 1050], ['Truck216066', 940]]"
1107,200000,,"[['Truck216079', 911]]"
1108,200412,,"[['Truck216044', 997]]"
1110,200000,,"[['Truck216053', 979]]"
1112,200000,,"[['Truck216043', 1006]]"
1112,200412,,"[['Truck216028', 1041]]"
1121,200000,,"[['Truck216045', 1010]]"
1132,200412,,"[['Truck216018', 1086]]"
1133,200000,,"[['Truck216039', 1037]]"
1134,200412,,"[['Truck216052', 1003], ['Truck216062', 978]]"
1135,200412,,"[['Truck216042', 1029]]"
1137,200412,,"[['Truck216034', 1051]]"
1138,200412,,"[['Truck216048', 1017]]"
1142,200412,,"[['Truck216064', 981]]"
1143,200000,,"[['Truck216067', 977]]"
1146,200000,,"[['Truck216023', 1090]]"
1146,200412,,"[['Truck216090', 920]]"
1147,200000,,"[['Truck216073', 966]]"
1151,200412,,"[['Truck216014', 1115]]"
1154,200000,,"[['Truck216069', 983]]"
1157,200412,,"[['Truck216060', 1006]]"
1158,200000,,"[['Truck216037', 1067]]"
1161,200412,,"[['Truck216086', 945]]"
1162,200412,,"[['Truck216050', 1036]]"
1164,200412,,"[['Truck216040', 1063], ['Truck216070', 988]]"
1166,200412,,"[['Truck216068', 995]]"
1169,200412,,"[['Truck216072', 988]]"
1175,200000,,"[['Truck216107', 909]]"
1175,200412,,"[['Truck216084', 964]]"
1180,200000,,"[['Truck216103', 924]]"
1181,200000,,"[['Truck216063', 1025]]"
1185,200412,,"[['Truck216088', 964]]"
1189,200412,,"[['Truck216092', 958]]"
1191,200000,,"[['Truck216085', 980]]"
1191,200412,,"[['Truck216076', 1000]]"
1193,200000,,"[['Truck216057', 1052]]"
1201,200412,,"[['Truck216118', 905]]"
1202,200000,,"[['Truck216047', 1086]]"
1208,200000,,"[['Truck216113', 927]]"
1209,200000,,"[['Truck216061', 1058]]"
1211,200000,,"[['Truck216055', 1075]]"
1216,200000,,"[['Truck216097', 975]]"
1217,200000,,"[['Truck216091', 991]]"
1219,200000,,"[['Truck216083', 1013]]"
1226,200412,,"[['Truck216046', 1110]]"
1227,200412,,"[['Truck216094', 991]]"
1230,200000,,"[['Truck216099', 984]]"
1239,200000,,"[['Truck216137', 898]]"
1239,200412,,"[['Truck216106', 973]]"
1240,200000,,"[['Truck216077', 1049]]"
1241,200000,,"[['Truck216051', 1115]]"
1241,200412,,"[['Truck216098', 995]]"
1247,200000,,"[['Truck216105', 986]]"
1250,200412,,"[['Truck216112', 969]]"
1252,200000,,"[['Truck216111', 976]]"
1253,200000,,"[['Truck216093', 1022]]"
1255,200000,,"[['Truck216071', 1079]]"
1267,200000,,"[['Truck216095', 1031]]"
1267,200412,,"[['Truck216074', 1081]]"
1269,200412,,"[['Truck216058', 1123]]"
1271,200000,,"[['Truck216121', 970]]"
1271,200412,,"[['Truck216124', 960]]"
1274,200412,,"[['Truck216126', 958]]"
1279,200000,,"[['Truck216081', 1078]]"
1281,200000,,"[['Truck216087', 1065]]"
1284,200000,,"[['Truck216119', 988]]"
1285,200412,,"[['Truck216078', 1089]]"
1288,200000,,"[['Truck216075', 1102]]"
1291,200412,,"[['Truck216122', 985]]"
1293,200412,,"[['Truck216120', 992]]"
1295,200000,,"[['Truck216101', 1044]]"
1295,200412,,"[['Truck216114', 1009]]"
1297,200412,,"[['Truck216150', 921]]"
1298,200000,,"[['Truck216089', 1077]]"
1299,200412,,"[['Truck216080', 1098]]"
1302,200000,,"[['Truck216117', 1011]]"
1303,200412,,"[['Truck216104', 1042]]"
1306,200412,,"[['Truck216100', 1055]]"
1311,200000,,"[['Truck216177', 870]]"
1315,200000,,"[['Truck216115', 1029]]"
1318,200412,,"[['Truck216140', 967]]"
1322,200000,,"[['Truck216109', 1051]]"
1325,200412,,"[['Truck216128', 1004]]"
1329,200000,,"[['Truck216125', 1018]]"
1329,200412,,"[['Truck216142', 973]]"
1331,200000,,"[['Truck216167', 915]]"
1331,200412,,"[['Truck216144', 970]]"
1332,200412,,"[['Truck216146', 966]]"
1336,200000,,"[['Truck216131', 1010], ['Truck216135', 1000]]"
1342,200412,,"[['Truck216096', 1101]]"
1344,200412,,"[['Truck216136', 1003]]"
1345,200000,,"[['Truck216151', 969]]"
1345,200412,,"[['Truck216130', 1019]]"
1349,200000,,"[['Truck216163', 943]]"
1349,200412,,"[['Truck216108', 1078]]"
1350,200000,,"[['Truck216169', 929]]"
1351,200412,,"[['Truck216116', 1060], ['Truck216138', 1005]]"
1352,200000,,"[['Truck216145', 991]]"
1354,200000,,"[['Truck216139', 1008]]"
1356,200000,,"[['Truck216191', 880]]"
1356,200412,,"[['Truck216158', 960]]"
1358,200000,,"[['Truck216129', 1037]]"
1359,200412,,"[['Truck216174', 923]]"
1360,200000,,"[['Truck216147', 994]]"
1369,200412,,"[['Truck216170', 943]]"
1373,200000,,"[['Truck216155', 987]]"
1375,200412,,"[['Truck216154', 989]]"
1376,200412,,"[['Truck216164', 965]]"
1377,200412,,"[['Truck216186', 911]]"
1380,200412,,"[['Truck216102', 1124]]"
1383,200412,,"[['Truck216204', 872]]"
1386,200000,,"[['Truck216133', 1055]]"
1388,200412,,"[['Truck216148', 1017]]"
1389,200000,,"[['Truck216141', 1038], ['Truck216153', 1008]]"
1392,200000,,"[['Truck216165', 981]]"
1393,200000,,"[['Truck216143', 1037], ['Truck216171', 967]]"
1394,200412,,"[['Truck216166', 978]]"
1400,200000,,"[['Truck216127', 1084]]"
1404,200412,,"[['Truck216110', 1128]]"
1406,200412,,"[['Truck216208', 885]]"
1407,200000,,"[['Truck216175', 971]]"
1407,200412,,"[['Truck216180', 956]]"
1409,200000,,"[['Truck216179', 963]]"
1409,200412,,"[['Truck216156', 1018]]"
1414,200000,,"[['Truck216157', 1023], ['Truck216221', 863]]"
1417,200000,,"[['Truck216123', 1111], ['Truck216149', 1046]]"
1417,200412,,"[['Truck216132', 1086]]"
1419,200412,,"[['Truck216176', 978]]"
1428,200412,,"[['Truck216168', 1007]]"
1431,200412,,"[['Truck216172', 1000]]"
1432,200412,,"[['Truck216162', 1026]]"
1435,200412,,"[['Truck216152', 1054]]"
1441,200412,,"[['Truck216134', 1105]]"
1442,200000,,"[['Truck216201', 941]]"
1444,200000,,"[['Truck216159', 1048], ['Truck216173', 1013]]"
1451,200000,,"[['Truck216161', 1050]]"
1455,200412,,"[['Truck216188', 984]]"
1464,200412,,"[['Truck216196', 973], ['Truck216198', 968]]"
1468,200000,,"[['Truck216187', 1002]]"
1476,200412,,"[['Truck216178', 1030]]"
1477,200412,,"[['Truck216182', 1021]]"
1478,200412,,"[['Truck216200', 977]]"
1483,200000,,"[['Truck216199', 987]]"
1486,200000,,"[['Truck216185', 1025]]"
1486,200412,,"[['Truck216226', 920]]"
1491,200000,,"[['Truck216205', 980]]"
1492,200412,,"[['Truck216220', 941]]"
1494,200412,,"[['Truck216194', 1008]]"
1495,200412,,"[['Truck216160', 1094], ['Truck216190', 1019]]"
1499,200412,,"[['Truck216212', 968]]"
1503,200000,,"[['Truck216217', 962]]"
1504,200000,,"[['Truck216195', 1018]]"
1505,200000,,"[['Truck216183', 1049]]"
1506,200000,,"[['Truck216181', 1055]]"
1510,200412,,"[['Truck216184', 1049]]"
1511,200412,,"[['Truck216202', 1005]]"
1512,200000,,"[['Truck216203', 1006]]"
1514,200412,,"[['Truck216224', 953]]"
1517,200000,,"[['Truck216197', 1026], ['Truck216229', 946]]"
1521,200412,,"[['Truck216216', 980]]"
1522,200412,,"[['Truck216192', 1041]]"
1523,200000,,"[['Truck216189', 1052]]"
1525,200000,,"[['Truck216215', 989]]"
1530,200000,,"[['Truck216193', 1049]]"
1540,200412,,"[['Truck216206', 1024]]"
1542,200000,,"[['Truck216237', 951]]"
1548,200412,,"[['Truck216250', 922]]"
1549,200000,,"[['Truck216241', 948]]"
1551,200412,,"[['Truck216230', 975]]"
1552,200412,,"[['Truck216214', 1016]]"
1556,200000,,"[['Truck216207', 1040]]"
1559,200000,,"[['Truck216227', 993]]"
1560,200000,,"[['Truck216213', 1029]]"
1561,200000,,"[['Truck216209', 1040]]"
1561,200412,,"[['Truck216234', 975]]"
1562,200412,,"[['Truck216228', 991], ['Truck216248', 941]]"
1576,200412,,"[['Truck216210', 1050]]"
1578,200000,,"[['Truck216223', 1022]]"
1581,200000,,"[['Truck216219', 1035]]"
1582,200000,,"[['Truck216231', 1006]]"
1587,200412,,"[['Truck216252', 956]]"
1589,200000,,"[['Truck216245', 978]]"
1590,200000,,"[['Truck216211', 1064]]"
1591,200412,,"[['Truck216218', 1045]]"
1595,200412,,"[['Truck216236', 1004]]"
1599,200412,,"[['Truck216222', 1043]]"
1602,200000,,"[['Truck216225', 1041]]"
1604,200412,,"[['Truck216238', 1008]]"
1608,200000,,"[['Truck216253', 977]]"
1611,200412,,"[['Truck216244', 1000], ['Truck216246', 995]]"
1614,200000,,"[['Truck216273', 933]]"
1619,200000,,"[['Truck216275', 933]]"
1621,200412,,"[['Truck216262', 965]]"
1625,200000,,"[['Truck216233', 1044]]"
1627,200412,,"[['Truck216240', 1026]]"
1628,200412,,"[['Truck216264', 967]]"
1630,200000,,"[['Truck216251', 1004], ['Truck216269', 959]]"
1631,200000,,"[['Truck216235', 1045]]"
1635,200000,,"[['Truck216259', 989]]"
1641,200412,,"[['Truck216268', 970]]"
1642,200000,,"[['Truck216257', 1001]]"
1648,200412,,"[['Truck216258', 1002]]"
1651,200000,,"[['Truck216247', 1035]]"
1656,200412,,"[['Truck216270', 980]]"
1661,200000,,"[['Truck216295', 925]]"
1664,200412,,"[['Truck216254', 1028], ['Truck216266', 998], ['Truck216286', 948]]"
1665,200000,,"[['Truck216263', 1009], ['Truck216291', 939]]"
1668,200000,,"[['Truck216261', 1017]]"
1670,200412,,"[['Truck216260', 1019]]"
1671,200412,,"[['Truck216256', 1030]]"
1676,200000,,"[['Truck216243', 1070]]"
1678,200000,,"[['Truck216299', 932]]"
1681,200412,,"[['Truck216274', 995]]"
1683,200000,,"[['Truck216239', 1087]]"
1690,200000,,"[['Truck216271', 1014]]"
1693,200412,,"[['Truck216232', 1112]]"
1696,200412,,"[['Truck216300', 945]]"
1699,200000,,"[['Truck216255', 1063]]"
1699,200412,,"[['Truck216302', 943]]"
1701,200000,,"[['Truck216277', 1010]]"
1704,200412,,"[['Truck216288', 983]]"
1705,200412,,"[['Truck216280', 1004]]"
1706,200000,,"[['Truck216265', 1045], ['Truck216267', 1040]]"
1707,200000,,"[['Truck216289', 986]]"
1709,200000,,"[['Truck216297', 968]]"
1717,200000,,"[['Truck216249', 1096]]"
1717,200412,,"[['Truck216294', 981]]"
1719,200412,,"[['Truck216296', 978]]"
1724,200412,,"[['Truck216272', 1043]]"
1726,200000,,"[['Truck216293', 995], ['Truck216321', 925]]"
1729,200000,,"[['Truck216285', 1018], ['Truck216307', 963]]"
1730,200000,,"[['Truck216279', 1034], ['Truck216283', 1024]]"
1731,200412,,"[['Truck216278', 1035]]"
1744,200412,,"[['Truck216276', 1053], ['Truck216284', 1033]]"
1749,200412,,"[['Truck216242', 1143]]"
1756,200000,,"[['Truck216325', 945]]"
1760,200412,,"[['Truck216282', 1054]]"
1763,200412,,"[['Truck216326', 947]]"
1766,200000,,"[['Truck216339', 920]]"
1769,200000,,"[['Truck216313', 988]]"
1769,200412,,"[['Truck216310', 993]]"
1770,200000,,"[['Truck216323', 964]]"
1770,200412,,"[['Truck216314', 984]]"
1772,200000,,"[['Truck216301', 1021]]"
1773,200000,,"[['Truck216349', 902]]"
1777,200000,,"[['Truck216287', 1061]]"
1780,200000,,"[['Truck216331', 954]]"
1782,200000,,"[['Truck216319', 986]]"
1782,200412,,"[['Truck216298', 1036]]"
1783,200000,,"[['Truck216305', 1022]]"
1789,200412,,"[['Truck216292', 1058]]"
1790,200412,,"[['Truck216304', 1029]]"
1797,200000,,"[['Truck216317', 1006]]"
1797,200412,,"[['Truck216322', 991]]"
1798,200000,,"[['Truck216361', 897]]"
1799,200000,,"[['Truck216309', 1028]]"
1803,200000,,"[['Truck216281', 1102]]"
1805,200412,,"[['Truck216318', 1009]]"
1806,200000,,"[['Truck216311', 1030]]"
1807,200412,,"[['Truck216306', 1041]]"
1810,200000,,"[['Truck216345', 949]]"
1810,200412,,"[['Truck216290', 1084]]"
1813,200412,,"[['Truck216348', 942]]"
1814,200412,,"[['Truck216324', 1003], ['Truck216328', 993]]"
1815,200000,,"[['Truck216303', 1059], ['Truck216327', 999]]"
1819,200412,,"[['Truck216312', 1038]]"
1823,200000,,"[['Truck216335', 987]]"
1825,200000,,"[['Truck216315', 1039]]"
1826,200000,,"[['Truck216343', 970]]"
1827,200000,,"[['Truck216329', 1006]]"
1834,200000,,"[['Truck216347', 968]]"
1838,200000,,"[['Truck216355', 952]]"
1850,200412,,"[['Truck216320', 1049]]"
1859,200000,,"[['Truck216337', 1018]]"
1862,200412,,"[['Truck216346', 996]]"
1868,200412,,"[['Truck216332', 1037], ['Truck216350', 992]]"
1882,200412,,"[['Truck216316', 1091]]"
1885,200000,,"[['Truck216333', 1054], ['Truck216367', 969]]"
1886,200412,,"[['Truck216362', 980]]"
1892,200412,,"[['Truck216308', 1121], ['Truck216330', 1066]]"
1894,200412,,"[['Truck216342', 1038]]"
1896,200000,,"[['Truck216365', 985]]"
1903,200412,,"[['Truck216334', 1067], ['Truck216352', 1022]]"
1905,200412,,"[['Truck216338', 1059]]"
1907,200412,,"[['Truck216360', 1006]]"
1911,200000,,"[['Truck216371', 985]]"
1912,200000,,"[['Truck216369', 991]]"
1918,200412,,"[['Truck216368', 997]]"
1919,200000,,"[['Truck216403', 913]]"
1923,200412,,"[['Truck216336', 1082]]"
1928,200000,,"[['Truck216389', 957]]"
1930,200000,,"[['Truck216351', 1054]]"
1931,200412,,"[['Truck216370', 1005]]"
1932,200412,,"[['Truck216372', 1001]]"
1933,200000,,"[['Truck216353', 1052]]"
1934,200000,,"[['Truck216411', 908]]"
1939,200412,,"[['Truck216384', 978]]"
1940,200412,,"[['Truck216366', 1024]]"
1942,200412,,"[['Truck216392', 961]]"
1946,200000,,"[['Truck216359', 1050]]"
1955,200000,,"[['Truck216381', 1004]]"
1957,200412,,"[['Truck216376', 1016]]"
1958,200000,,"[['Truck216387', 992]]"
1960,200000,,"[['Truck216393', 979]]"
1961,200412,,"[['Truck216354', 1075]]"
1969,200000,,"[['Truck216421', 918]]"
1971,200000,,"[['Truck216407', 955]]"
1972,200000,,"[['Truck216399', 976]]"
1973,200412,,"[['Truck216378', 1027]]"
1975,200000,,"[['Truck216385', 1014]]"
1975,200412,,"[['Truck216356', 1084], ['Truck216390', 999]]"
1977,200412,,"[['Truck216340', 1126]]"
1978,200000,,"[['Truck216341', 1127]]"
1978,200412,,"[['Truck216358', 1082]]"
1979,200412,,"[['Truck216364', 1068]]"
1981,200412,,"[['Truck216394', 995]]"
1982,200000,,"[['Truck216405', 971]]"
1986,200412,,"[['Truck216344', 1125], ['Truck216410', 960]]"
1988,200412,,"[['Truck216380', 1037]]"
1989,200412,,"[['Truck216422', 933]]"
1991,200000,,"[['Truck216377', 1050]]"
1992,200412,,"[['Truck216388', 1021]]"
1993,200412,,"[['Truck216396', 1002]]"
1996,200000,,"[['Truck216383', 1040]]"
1997,200000,,"[['Truck216419', 951]]"
2006,200000,,"[['Truck216433', 925]]"
2010,200000,,"[['Truck216357', 1119]]"
2015,200000,,"[['Truck216415', 979]]"
2015,200412,,"[['Truck216382', 1059]]"
2017,200000,,"[['Truck216441', 916]]"
2023,200000,,"[['Truck216363', 1117]]"
2026,200000,,"[['Truck216437', 935]]"
2026,200412,,"[['Truck216426', 960]]"
2030,200000,,"[['Truck216373', 1099]]"
2035,200000,,"[['Truck216413', 1004]]"
2036,200000,,"[['Truck216379', 1090], ['Truck216395', 1050]]"
2039,200412,,"[['Truck216402', 1033]]"
2048,200412,,"[['Truck216374', 1112]]"
2049,200000,,"[['Truck216375', 1113]]"
2053,200000,,"[['Truck216397', 1062]]"
2053,200412,,"[['Truck216406', 1037], ['Truck216412', 1022]]"
2059,200000,,"[['Truck216417', 1018]]"
2060,200412,,"[['Truck216438', 964], ['Truck216446', 944]]"
2061,200412,,"[['Truck216454', 925]]"
2062,200412,,"[['Truck216400', 1061]]"
2064,200412,,"[['Truck216440', 963]]"
2065,200412,,"[['Truck216420', 1014]]"
2070,200000,,"[['Truck216391', 1094]]"
2073,200000,,"[['Truck216459', 927]]"
2073,200412,,"[['Truck216448', 952], ['Truck216458', 927]]"
2076,200412,,"[['Truck216414', 1040]]"
2080,200412,,"[['Truck216434', 994]]"
2081,200000,,"[['Truck216401', 1080]]"
2087,200000,,"[['Truck216425', 1026], ['Truck216435', 1001]]"
2087,200412,,"[['Truck216418', 1041]]"
2090,200412,,"[['Truck216398', 1094]]"
2091,200412,,"[['Truck216462', 935]]"
2093,200000,,"[['Truck216453', 962]]"
2093,200412,,"[['Truck216472', 912]]"
2094,200412,,"[['Truck216404', 1083], ['Truck216408', 1073]]"
2098,200000,,"[['Truck216443', 992], ['Truck216457', 957]]"
2100,200000,,"[['Truck216455', 964], ['Truck216467', 934]]"
2100,200412,,"[['Truck216436', 1009]]"
2101,200412,,"[['Truck216450', 975]]"
2104,200412,,"[['Truck216428', 1033]]"
2105,200000,,"[['Truck216431', 1029]]"
2105,200412,,"[['Truck216432', 1024]]"
2107,200000,,"[['Truck216487', 891]]"
2113,200412,,"[['Truck216464', 952]]"
2114,200000,,"[['Truck216409', 1093]]"
2114,200412,,"[['Truck216484', 903]]"
2118,200412,,"[['Truck216468', 947]]"
2121,200000,,"[['Truck216469', 950]]"
2124,200412,,"[['Truck216424', 1063]]"
2133,200000,,"[['Truck216451', 1007]]"
2134,200000,,"[['Truck216427', 1068]]"
2136,200000,,"[['Truck216485', 925]]"
2140,200000,,"[['Truck216481', 939]]"
2140,200412,,"[['Truck216442', 1034]]"
2141,200412,,"[['Truck216430', 1065]]"
2143,200000,,"[['Truck216423', 1087]]"
2147,200000,,"[['Truck216445', 1036]]"
2148,200000,,"[['Truck216475', 962]]"
2149,200412,,"[['Truck216416', 1108]]"
2150,200412,,"[['Truck216386', 1184], ['Truck216476', 959]]"
2158,200000,,"[['Truck216463', 1002]]"
2159,200000,,"[['Truck216439', 1063]]"
2161,200412,,"[['Truck216456', 1020]]"
2162,200000,,"[['Truck216429', 1091]]"
2168,200412,,"[['Truck216444', 1057]]"
2170,200412,,"[['Truck216480', 969]]"
2171,200000,,"[['Truck216499', 925]]"
2185,200000,,"[['Truck216449', 1064]]"
2185,200412,,"[['Truck216494', 949]]"
2190,200412,,"[['Truck216482', 984]]"
2191,200000,,"[['Truck216447', 1075], ['Truck216461', 1040]]"
2196,200000,,"[['Truck216505', 935], ['Truck216511', 920]]"
2199,200412,,"[['Truck216466', 1033]]"
2204,200412,,"[['Truck216508', 933]]"
2211,200412,,"[['Truck216470', 1035], ['Truck216500', 960]]"
2214,200412,,"[['Truck216452', 1083], ['Truck216474', 1028], ['Truck216486', 998]]"
2217,200412,,"[['Truck216492', 986]]"
2219,200000,,"[['Truck216477', 1028], ['Truck216493', 988]]"
2221,200000,,"[['Truck216509', 950]]"
2221,200412,,"[['Truck216460', 1070]]"
2225,200000,,"[['Truck216471', 1049], ['Truck216507', 959]]"
2228,200412,,"[['Truck216502', 972]]"
2232,200000,,"[['Truck216515', 946]]"
2237,200412,,"[['Truck216488', 1016]]"
2241,200412,,"[['Truck216504', 980]]"
2243,200412,,"[['Truck216524', 932]]"
2248,200000,,"[['Truck216497', 1007]]"
2248,200412,,"[['Truck216496', 1007]]"
2251,200412,,"[['Truck216536', 910]]"
2252,200000,,"[['Truck216483', 1046]]"
2258,200000,,"[['Truck216465', 1097]]"
2263,200000,,"[['Truck216523', 957]]"
2265,200000,,"[['Truck216527', 949]]"
2268,200412,,"[['Truck216518', 972]]"
2270,200000,,"[['Truck216489', 1049]]"
2271,200412,,"[['Truck216510', 995]]"
2274,200412,,"[['Truck216544', 913]]"
2275,200000,,"[['Truck216479', 1079]]"
2276,200000,,"[['Truck216491', 1050]]"
2280,200000,,"[['Truck216541', 929]]"
2285,200000,,"[['Truck216539', 939]]"
2285,200412,,"[['Truck216512', 1004]]"
2288,200412,,"[['Truck216528', 967]]"
2289,200412,,"[['Truck216478', 1093]]"
2290,200000,,"[['Truck216529', 969]]"
2293,200412,,"[['Truck216506', 1027], ['Truck216522', 987]]"
2298,200000,,"[['Truck216533', 967]]"
2302,200000,,"[['Truck216519', 1006], ['Truck216547', 936]]"
2304,200000,,"[['Truck216513', 1023]]"
2305,200412,,"[['Truck216514', 1019]]"
2308,200412,,"[['Truck216520', 1007]]"
2309,200000,,"[['Truck216473', 1128]]"
2315,200000,,"[['Truck216535', 979]]"
2315,200412,,"[['Truck216498', 1069], ['Truck216542', 959]]"
2316,200000,,"[['Truck216495', 1080]]"
2320,200000,,"[['Truck216567', 904]]"
2326,200412,,"[['Truck216548', 955]]"
2328,200000,,"[['Truck216525', 1017]]"
2339,200000,,"[['Truck216559', 943]]"
2339,200412,,"[['Truck216552', 958]]"
2341,200000,,"[['Truck216553', 960]]"
2341,200412,,"[['Truck216526', 1025]]"
2342,200000,,"[['Truck216549', 971]]"
2347,200412,,"[['Truck216530', 1021]]"
2360,200000,,"[['Truck216569', 939]]"
2360,200412,,"[['Truck216550', 984]]"
2364,200000,,"[['Truck216561', 963]]"
2368,200412,,"[['Truck216538', 1022]]"
2373,200000,,"[['Truck216501', 1122]]"
2375,200412,,"[['Truck216546', 1009]]"
2376,200412,,"[['Truck216558', 980]]"
2380,200000,,"[['Truck216503', 1124]]"
2382,200412,,"[['Truck216532', 1051], ['Truck216560', 981]]"
2383,200412,,"[['Truck216490', 1157], ['Truck216556', 992]]"
2392,200000,,"[['Truck216521', 1091]]"
2403,200412,,"[['Truck216570', 977]]"
2407,200412,,"[['Truck216562', 1001]]"
2409,200000,,"[['Truck216551', 1033]]"
2409,200412,,"[['Truck216534', 1073]]"
2411,200000,,"[['Truck216555', 1025]]"
2422,200000,,"[['Truck216545', 1061]]"
2431,200412,,"[['Truck216572', 1000]]"
2433,200000,,"[['Truck216589', 962]]"
2434,200412,,"[['Truck216586', 968]]"
2437,200000,,"[['Truck216531', 1111], ['Truck216575', 1001]]"
2437,200412,,"[['Truck216566', 1021]]"
2440,200000,,"[['Truck216591', 964]]"
2442,200412,,"[['Truck216576', 1001]]"
2443,200412,,"[['Truck216540', 1092]]"
2454,200000,,"[['Truck216579', 1008]]"
2460,200000,,"[['Truck216597', 969]]"
2461,200412,,"[['Truck216554', 1075]]"
2467,200000,,"[['Truck216543', 1111]]"
2469,200412,,"[['Truck216584', 1008]]"
2470,200412,,"[['Truck216590', 994]]"
2472,200000,,"[['Truck216601', 971]]"
2473,200000,,"[['Truck216517', 1182]]"
2474,200000,,"[['Truck216613', 943]]"
2475,200412,,"[['Truck216578', 1029]]"
2477,200000,,"[['Truck216537', 1136]]"
2479,200412,,"[['Truck216632', 898]]"
2483,200000,,"[['Truck216573', 1052]]"
2483,200412,,"[['Truck216564', 1072]]"
2486,200000,,"[['Truck216565', 1075], ['Truck216595', 1000]]"
2487,200000,,"[['Truck216571', 1061]]"
2488,200412,,"[['Truck216568', 1067]]"
2490,200000,,"[['Truck216577', 1049]]"
2494,200412,,"[['Truck216574', 1058]]"
2496,200000,,"[['Truck216563', 1090], ['Truck216605', 985]]"
2496,200412,,"[['Truck216516', 1205]]"
2497,200412,,"[['Truck216612', 966]]"
2504,200412,,"[['Truck216598', 1008]]"
2505,200412,,"[['Truck216614', 969]]"
2509,200000,,"[['Truck216583', 1053]]"
2512,200000,,"[['Truck216625', 951]]"
2513,200000,,"[['Truck216593', 1032]]"
2515,200412,,"[['Truck216608', 994]]"
2517,200000,,"[['Truck216581', 1066], ['Truck216585', 1056]]"
2517,200412,,"[['Truck216616', 976]]"
2520,200412,,"[['Truck216606', 1004], ['Truck216626', 954]]"
2522,200412,,"[['Truck216594', 1036]]"
2526,200412,,"[['Truck216620', 975]]"
2528,200000,,"[['Truck216599', 1032], ['Truck216617', 987]]"
2530,200412,,"[['Truck216600', 1029]]"
2531,200412,,"[['Truck216602', 1025]]"
2532,200412,,"[['Truck216596', 1041]]"
2533,200000,,"[['Truck216621', 982]]"
2535,200412,,"[['Truck216588', 1064]]"
2537,200000,,"[['Truck216641', 936]]"
2540,200000,,"[['Truck216603', 1034]]"
2545,200412,,"[['Truck216582', 1089], ['Truck216642', 939]]"
2546,200000,,"[['Truck216627', 980]]"
2548,200412,,"[['Truck216592', 1067], ['Truck216624', 987]]"
2550,200412,,"[['Truck216670', 874]]"
2551,200000,,"[['Truck216615', 1015]]"
2557,200412,,"[['Truck216648', 936]]"
2559,200000,,"[['Truck216609', 1038]]"
2562,200412,,"[['Truck216630', 986]]"
2564,200412,,"[['Truck216634', 978], ['Truck216638', 968]]"
2566,200000,,"[['Truck216629', 995]]"
2567,200412,,"[['Truck216604', 1056]]"
2568,200412,,"[['Truck216644', 957]]"
2574,200000,,"[['Truck216607', 1058]]"
2579,200000,,"[['Truck216619', 1033]]"
2582,200000,,"[['Truck216639', 986]]"
2584,200412,,"[['Truck216618', 1038]]"
2586,200412,,"[['Truck216640', 985]]"
2588,200412,,"[['Truck216676', 897]]"
2590,200000,,"[['Truck216557', 1199]]"
2593,200000,,"[['Truck216587', 1127]]"
2598,200000,,"[['Truck216623', 1042]]"
2598,200412,,"[['Truck216622', 1042]]"
2599,200412,,"[['Truck216580', 1148]]"
2602,200412,,"[['Truck216654', 966]]"
2604,200000,,"[['Truck216637', 1013]]"
2605,200000,,"[['Truck216655', 969]]"
2607,200412,,"[['Truck216656', 966]]"
2611,200412,,"[['Truck216686', 895]]"
2612,200000,,"[['Truck216611', 1086]]"
2615,200000,,"[['Truck216649', 994]]"
2620,200412,,"[['Truck216650', 994]]"
2621,200000,,"[['Truck216645', 1010], ['Truck216651', 995]]"
2621,200412,,"[['Truck216628', 1050]]"
2622,200412,,"[['Truck216658', 976]]"
2624,200000,,"[['Truck216643', 1018]]"
2627,200412,,"[['Truck216678', 931]]"
2634,200412,,"[['Truck216684', 923]]"
2637,200000,,"[['Truck216657', 996]]"
2639,200000,,"[['Truck216631', 1063]]"
2642,200000,,"[['Truck216667', 976]]"
2644,200000,,"[['Truck216633', 1063]]"
2646,200000,,"[['Truck216635', 1060]]"
2647,200000,,"[['Truck216659', 1001]]"
2648,200412,,"[['Truck216664', 987]]"
2660,200000,,"[['Truck216661', 1009]]"
2661,200412,,"[['Truck216610', 1135]]"
2668,200412,,"[['Truck216672', 987]]"
2671,200000,,"[['Truck216697', 930], ['Truck216699', 925]]"
2672,200000,,"[['Truck216685', 961]]"
2673,200412,,"[['Truck216692', 942]]"
2674,200000,,"[['Truck216647', 1058], ['Truck216665', 1013]]"
2687,200000,,"[['Truck216679', 991]]"
2690,200412,,"[['Truck216700', 939]]"
2693,200412,,"[['Truck216646', 1077]]"
2697,200000,,"[['Truck216653', 1066]]"
2700,200412,,"[['Truck216682', 994]]"
2703,200000,,"[['Truck216671', 1027], ['Truck216677', 1012], ['Truck216683', 997], ['Truck216693', 972]]"
2706,200412,,"[['Truck216680', 1005]]"
2707,200412,,"[['Truck216662', 1051]]"
2709,200412,,"[['Truck216652', 1078]]"
2710,200412,,"[['Truck216696', 969]]"
2715,200000,,"[['Truck216673', 1034]]"
2716,200000,,"[['Truck216669', 1045]]"
2718,200412,,"[['Truck216668', 1047]]"
2720,200000,,"[['Truck216721', 919]]"
2721,200000,,"[['Truck216719', 925]]"
2724,200412,,"[['Truck216726', 908]]"
2725,200000,,"[['Truck216689', 1004]]"
2731,200412,,"[['Truck216724', 920]]"
2732,200000,,"[['Truck216741', 881]]"
2737,200412,,"[['Truck216666', 1071]]"
2744,200412,,"[['Truck216702', 988]]"
2746,200000,,"[['Truck216705', 985]]"
2747,200412,,"[['Truck216716', 956]]"
2749,200412,,"[['Truck216636', 1158]]"
2751,200000,,"[['Truck216663', 1095]]"
2752,200412,,"[['Truck216710', 976]]"
2753,200000,,"[['Truck216703', 997]]"
2753,200412,,"[['Truck216706', 987]]"
2756,200000,,"[['Truck216709', 985]]"
2757,200000,,"[['Truck216701', 1006]]"
2758,200000,,"[['Truck216715', 972]]"
2764,200000,,"[['Truck216681', 1063], ['Truck216733', 933]]"
2767,200412,,"[['Truck216660', 1116]]"
2776,200412,,"[['Truck216718', 980]]"
2777,200000,,"[['Truck216675', 1091], ['Truck216707', 1011]]"
2780,200412,,"[['Truck216674', 1094], ['Truck216698', 1034]]"
2786,200000,,"[['Truck216717', 995]]"
2789,200412,,"[['Truck216690', 1063], ['Truck216732', 958]]"
2790,200412,,"[['Truck216688', 1069]]"
2791,200412,,"[['Truck216712', 1010]]"
2792,200412,,"[['Truck216704', 1031]]"
2794,200412,,"[['Truck216748', 923]]"
2799,200000,,"[['Truck216687', 1083]]"
2799,200412,,"[['Truck216708', 1028]]"
2800,200412,,"[['Truck216714', 1014]]"
2808,200000,,"[['Truck216755', 922]]"
2817,200000,,"[['Truck216691', 1091], ['Truck216751', 941]]"
2818,200000,,"[['Truck216739', 972]]"
2819,200000,,"[['Truck216775', 883]]"
2822,200412,,"[['Truck216750', 946]]"
2825,200412,,"[['Truck216734', 989], ['Truck216736', 984]]"
2829,200000,,"[['Truck216729', 1008]]"
2832,200000,,"[['Truck216711', 1056]]"
2833,200000,,"[['Truck216731', 1007], ['Truck216737', 992]]"
2840,200000,,"[['Truck216695', 1104], ['Truck216735', 1004], ['Truck216753', 959]]"
2845,200412,,"[['Truck216742', 989]]"
2849,200412,,"[['Truck216754', 963]]"
2850,200412,,"[['Truck216694', 1114]]"
2851,200000,,"[['Truck216761', 950]]"
2856,200000,,"[['Truck216783', 900]]"
2859,200000,,"[['Truck216727', 1043]]"
2861,200000,,"[['Truck216743', 1005]]"
2864,200412,,"[['Truck216756', 973]]"
2867,200000,,"[['Truck216759', 971]]"
2870,200412,,"[['Truck216760', 969]]"
2871,200000,,"[['Truck216725', 1060]]"
2880,200412,,"[['Truck216728', 1059], ['Truck216766', 964]]"
2882,200412,,"[['Truck216776', 941]]"
2883,200000,,"[['Truck216765', 972]]"
2892,200000,,"[['Truck216773', 961]]"
2894,200412,,"[['Truck216740', 1043]]"
2895,200412,,"[['Truck216804', 884]]"
2900,200412,,"[['Truck216720', 1099], ['Truck216794', 914]]"
2901,200000,,"[['Truck216763', 995]]"
2902,200000,,"[['Truck216757', 1011]]"
2906,200000,,"[['Truck216723', 1100]]"
2910,200412,,"[['Truck216722', 1104]]"
2914,200000,,"[['Truck216781', 963]]"
2914,200412,,"[['Truck216778', 968]]"
2918,200412,,"[['Truck216798', 922]]"
2922,200000,,"[['Truck216777', 981]]"
2923,200000,,"[['Truck216749', 1052]]"
2929,200000,,"[['Truck216713', 1148]]"
2931,200412,,"[['Truck216752', 1050], ['Truck216782', 975]]"
2934,200412,,"[['Truck216738', 1088]]"
2937,200412,,"[['Truck216758', 1041]]"
2938,200412,,"[['Truck216796', 947]]"
2940,200000,,"[['Truck216745', 1079]]"
2940,200412,,"[['Truck216744', 1079]]"
2943,200412,,"[['Truck216774', 1007]]"
2946,200000,,"[['Truck216797', 955]]"
2952,200412,,"[['Truck216730', 1126]]"
2954,200412,,"[['Truck216768', 1033]]"
2955,200412,,"[['Truck216818', 909]]"
2959,200000,,"[['Truck216747', 1093]]"
2962,200412,,"[['Truck216746', 1096]]"
2963,200412,,"[['Truck216816', 922]]"
2967,200000,,"[['Truck216771', 1041]]"
2968,200412,,"[['Truck216784', 1007]]"
2969,200000,,"[['Truck216791', 993], ['Truck216813', 938]]"
2970,200000,,"[['Truck216809', 949]]"
2972,200000,,"[['Truck216821', 921]]"
2974,200412,,"[['Truck216788', 1003]]"
2976,200000,,"[['Truck216767', 1060]]"
2976,200412,,"[['Truck216786', 1010]]"
2983,200000,,"[['Truck216801', 982]]"
2987,200000,,"[['Truck216769', 1066]]"
2989,200000,,"[['Truck216779', 1043]]"
2990,200000,,"[['Truck216795', 1004], ['Truck216807', 974]]"
3002,200412,,"[['Truck216770', 1076]]"
3008,200000,,"[['Truck216825', 947]]"
3009,200000,,"[['Truck216819', 963]]"
3015,200412,,"[['Truck216800', 1014]]"
3017,200412,,"[['Truck216772', 1086], ['Truck216820', 966]]"
3018,200000,,"[['Truck216793', 1037]]"
3021,200000,,"[['Truck216799', 1025]]"
3023,200412,,"[['Truck216764', 1112]]"
3028,200000,,"[['Truck216789', 1057]]"
3032,200000,,"[['Truck216805', 1021]]"
3034,200412,,"[['Truck216808', 1013]]"
3035,200000,,"[['Truck216787', 1069]]"
3036,200412,,"[['Truck216822', 980]]"
3037,200000,,"[['Truck216815', 1001]]"
3042,200000,,"[['Truck216829', 971]]"
3042,200412,,"[['Truck216836', 951], ['Truck216866', 876]]"
3043,200412,,"[['Truck216762', 1137]]"
3048,200412,,"[['Truck216810', 1022]]"
3058,200000,,"[['Truck216811', 1032]]"
3059,200412,,"[['Truck216812', 1028]]"
3063,200000,,"[['Truck216785', 1102]]"
3063,200412,,"[['Truck216826', 997]]"
3065,200412,,"[['Truck216850', 939]]"
3069,200000,,"[['Truck216823', 1013]]"
3069,200412,,"[['Truck216832', 988]]"
3076,200412,,"[['Truck216824', 1015]]"
3077,200412,,"[['Truck216790', 1101], ['Truck216852', 946]]"
3082,200000,,"[['Truck216837', 991]]"
3084,200000,,"[['Truck216835', 998]]"
3086,200000,,"[['Truck216863', 930]]"
3088,200000,,"[['Truck216817', 1047]]"
3088,200412,,"[['Truck216780', 1137]]"
3090,200000,,"[['Truck216803', 1084]]"
3090,200412,,"[['Truck216792', 1109]]"
3092,200000,,"[['Truck216831', 1016]]"
3093,200412,,"[['Truck216860', 942]]"
3094,200000,,"[['Truck216853', 963]]"
3096,200412,,"[['Truck216806', 1080], ['Truck216834', 1010]]"
3097,200412,,"[['Truck216874', 911]]"
3099,200412,,"[['Truck216828', 1028]]"
3103,200412,,"[['Truck216846', 987]]"
3106,200412,,"[['Truck216814', 1070]]"
3110,200412,,"[['Truck216844', 999]]"
3112,200000,,"[['Truck216827', 1046]]"
3117,200412,,"[['Truck216838', 1021]]"
3122,200000,,"[['Truck216833', 1041]]"
3122,200412,,"[['Truck216858', 976]]"
3129,200412,,"[['Truck216830', 1053]]"
3133,200412,,"[['Truck216868', 962]]"
3134,200000,,"[['Truck216855', 998], ['Truck216857', 993], ['Truck216859', 988]]"
3140,200000,,"[['Truck216869', 969]]"
3142,200000,,"[['Truck216843', 1036], ['Truck216845', 1031], ['Truck216847', 1026]]"
3143,200412,,"[['Truck216896', 902]]"
3146,200000,,"[['Truck216849', 1025]]"
3151,200000,,"[['Truck216871', 975]]"
3153,200412,,"[['Truck216870', 977]]"
3156,200412,,"[['Truck216802', 1150]]"
3160,200412,,"[['Truck216864', 999]]"
3161,200000,,"[['Truck216879', 965]]"
3162,200000,,"[['Truck216877', 971]]"
3162,200412,,"[['Truck216878', 966]]"
3168,200412,,"[['Truck216840', 1067]]"
3171,200000,,"[['Truck216851', 1045]]"
3172,200412,,"[['Truck216842', 1066]]"
3180,200412,,"[['Truck216886', 964]]"
3188,200412,,"[['Truck216916', 897]]"
3191,200000,,"[['Truck216899', 945]]"
3192,200000,,"[['Truck216901', 941]]"
3205,200000,,"[['Truck216885', 994]]"
3209,200412,,"[['Truck216854', 1073]]"
3210,200412,,"[['Truck216884', 999]]"
3213,200000,,"[['Truck216909', 942]]"
3213,200412,,"[['Truck216880', 1012]]"
3214,200412,,"[['Truck216902', 958]]"
3215,200000,,"[['Truck216841', 1114]]"
3216,200412,,"[['Truck216876', 1025]]"
3217,200412,,"[['Truck216890', 991]]"
3223,200412,,"[['Truck216872', 1042], ['Truck216926', 907]]"
3231,200000,,"[['Truck216867', 1065]]"
3233,200000,,"[['Truck216881', 1032]]"
3234,200412,,"[['Truck216856', 1093], ['Truck216940', 883]]"
3239,200412,,"[['Truck216848', 1118]]"
3240,200000,,"[['Truck216839', 1144], ['Truck216861', 1089]]"
3241,200412,,"[['Truck216888', 1020], ['Truck216914', 955]]"
3242,200412,,"[['Truck216900', 991]]"
3245,200000,,"[['Truck216907', 979]]"
3245,200412,,"[['Truck216922', 939]]"
3247,200000,,"[['Truck216875', 1061]]"
3252,200412,,"[['Truck216898', 1006]]"
3253,200000,,"[['Truck216883', 1047], ['Truck216887', 1037]]"
3254,200412,,"[['Truck216862', 1098]]"
3257,200000,,"[['Truck216897', 1016]]"
3261,200000,,"[['Truck216933', 930]]"
3264,200000,,"[['Truck216951', 888]]"
3265,200000,,"[['Truck216865', 1104]]"
3269,200412,,"[['Truck216892', 1038]]"
3273,200000,,"[['Truck216903', 1017]]"
3274,200000,,"[['Truck216945', 913]]"
3278,200412,,"[['Truck216894', 1042]]"
3279,200000,,"[['Truck216911', 1003]]"
3281,200412,,"[['Truck216936', 940]]"
3285,200000,,"[['Truck216927', 969]]"
3288,200000,,"[['Truck216895', 1052]]"
3289,200000,,"[['Truck216917', 998]]"
3294,200000,,"[['Truck216939', 948]]"
3297,200412,,"[['Truck216912', 1016]]"
3298,200412,,"[['Truck216910', 1022]]"
3303,200000,,"[['Truck216915', 1017]]"
3307,200412,,"[['Truck216920', 1006]]"
3309,200000,,"[['Truck216889', 1088]]"
3311,200000,,"[['Truck216925', 1000]]"
3312,200412,,"[['Truck216908', 1041]]"
3318,200000,,"[['Truck216905', 1057], ['Truck216949', 947]]"
3319,200412,,"[['Truck216904', 1058]]"
3320,200000,,"[['Truck216929', 999]]"
3321,200000,,"[['Truck216921', 1020]]"
3323,200000,,"[['Truck216977', 882]]"
3324,200000,,"[['Truck216891', 1098]]"
3326,200412,,"[['Truck216944', 965]]"
3330,200000,,"[['Truck216893', 1099]]"
3336,200000,,"[['Truck216919', 1040]]"
3340,200412,,"[['Truck216948', 969]]"
3341,200412,,"[['Truck216932', 1010]]"
3343,200000,,"[['Truck216873', 1162]]"
3345,200000,,"[['Truck216955', 959]]"
3348,200000,,"[['Truck216923', 1042]]"
3350,200000,,"[['Truck216935', 1014]]"
3350,200412,,"[['Truck216946', 984], ['Truck216950', 974]]"
3352,200412,,"[['Truck216938', 1006]]"
3354,200412,,"[['Truck216952', 973]]"
3355,200412,,"[['Truck216882', 1149], ['Truck216906', 1089]]"
3360,200000,,"[['Truck216931', 1034]]"
3362,200000,,"[['Truck216913', 1081]]"
3366,200412,,"[['Truck216918', 1070]]"
3367,200000,,"[['Truck216937', 1026]]"
3368,200000,,"[['Truck216953', 987]]"
3370,200412,,"[['Truck216934', 1034]]"
3371,200000,,"[['Truck216941', 1020]]"
3372,200412,,"[['Truck216970', 946], ['Truck216986', 906]]"
3374,200000,,"[['Truck216995', 888]]"
3382,200000,,"[['Truck216959', 986]]"
3384,200412,,"[['Truck216924', 1073]]"
3388,200000,,"[['Truck216963', 982]]"
3396,200412,,"[['Truck216974', 960]]"
3398,200412,,"[['Truck216966', 982]]"
3402,200412,,"[['Truck216960', 1001]]"
3408,200412,,"[['Truck216930', 1082]]"
3412,200412,,"[['Truck216942', 1056]]"
3415,200000,,"[['Truck216969', 994]]"
3416,200000,,"[['Truck216961', 1015]]"
3417,200000,,"[['Truck216979', 971]]"
3417,200412,,"[['Truck216928', 1096]]"
3418,200412,,"[['Truck216994', 932]]"
3420,200000,,"[['Truck216947', 1054]]"
3421,200412,,"[['Truck216968', 1000]]"
3423,200000,,"[['Truck216943', 1067]]"
3427,200000,,"[['Truck216957', 1036], ['Truck216965', 1016]]"
3433,200000,,"[['Truck216983', 977]]"
3433,200412,,"[['Truck216954', 1047]]"
3437,200000,,"[['Truck216999', 941]]"
3450,200000,,"[['Truck216985', 989]]"
3451,200412,,"[['Truck216962', 1045]]"
3452,200000,,"[['Truck216981', 1001]]"
3453,200000,,"[['Truck216993', 972]]"
3457,200412,,"[['Truck216980', 1006], ['Truck216984', 996]]"
3459,200000,,"[['Truck216989', 988]]"
3462,200000,,"[['Truck216991', 986]]"
3462,200412,,"[['Truck216964', 1051]]"
3464,200000,,"[['Truck216971', 1038]]"
3467,200412,,"[['Truck216976', 1026]]"
3469,200000,,"[['Truck216987', 1003]]"
3469,200412,,"[['Truck216988', 998]]"
3471,200000,,"[['Truck217005', 960]]"
3477,200412,,"[['Truck217024', 916]]"
3480,200000,,"[['Truck216973', 1049]]"
3480,200412,,"[['Truck216972', 1049]]"
3481,200000,,"[['Truck216975', 1045]]"
3484,200412,,"[['Truck216978', 1038]]"
3486,200412,,"[['Truck217012', 955]]"
3488,200000,,"[['Truck217043', 882]]"
3489,200000,,"[['Truck217009', 968]]"
3492,200412,,"[['Truck217026', 926]]"
3494,200000,,"[['Truck216997', 1003]]"
3494,200412,,"[['Truck216958', 1098]]"
3496,200412,,"[['Truck217034', 910]]"
3497,200412,,"[['Truck217006', 981]]"
3500,200412,,"[['Truck216956', 1109], ['Truck216992', 1019]]"
3501,200000,,"[['Truck217007', 985]]"
3508,200412,,"[['Truck217008', 987]]"
3511,200412,,"[['Truck217010', 985]]"
3515,200000,,"[['Truck216967', 1099], ['Truck217003', 1009]]"
3518,200412,,"[['Truck216982', 1062]]"
3519,200000,,"[['Truck217011', 993]]"
3524,200412,,"[['Truck217016', 983]]"
3525,200000,,"[['Truck217021', 974]]"
3525,200412,,"[['Truck217038', 929]]"
3528,200412,,"[['Truck217020', 977]]"
3530,200000,,"[['Truck217015', 994]]"
3535,200412,,"[['Truck216998', 1039]]"
3536,200000,,"[['Truck217033', 955]]"
3536,200412,,"[['Truck216990', 1060]]"
3547,200000,,"[['Truck217055', 911]]"
3551,200000,,"[['Truck217029', 980]]"
3551,200412,,"[['Truck217018', 1005]]"
3555,200412,,"[['Truck217002', 1049], ['Truck217032', 974]]"
3568,200412,,"[['Truck217036', 977]]"
3570,200000,,"[['Truck217001', 1069]]"
3576,200412,,"[['Truck217028', 1005]]"
3577,200412,,"[['Truck217004', 1066]]"
3578,200412,,"[['Truck217014', 1042]]"
3580,200000,,"[['Truck217017', 1039]]"
3582,200000,,"[['Truck217035', 996]]"
3582,200412,,"[['Truck217030', 1006]]"
3586,200000,,"[['Truck217013', 1055]]"
3587,200000,,"[['Truck217037', 996]]"
3589,200412,,"[['Truck217000', 1088]]"
3598,200412,,"[['Truck216996', 1107]]"
3599,200412,,"[['Truck217042', 993]]"
3601,200000,,"[['Truck217065', 940]]"
3609,200000,,"[['Truck217023', 1053], ['Truck217067', 943]]"
3611,200000,,"[['Truck217027', 1045], ['Truck217031', 1035], ['Truck217051', 985]]"
3612,200000,,"[['Truck217019', 1066]]"
3614,200000,,"[['Truck217049', 993]]"
3623,200000,,"[['Truck217039', 1027]]"
3625,200412,,"[['Truck217052', 994]]"
3629,200000,,"[['Truck217025', 1068]]"
3631,200000,,"[['Truck217045', 1020], ['Truck217073', 950]]"
3633,200412,,"[['Truck217054', 997], ['Truck217074', 947]]"
3638,200412,,"[['Truck217060', 987]]"
3641,200412,,"[['Truck217044', 1030]]"
3642,200000,,"[['Truck217071', 966]]"
3642,200412,,"[['Truck217022', 1086]]"
3646,200000,,"[['Truck217095', 910]]"
3646,200412,,"[['Truck217062', 990], ['Truck217072', 965], ['Truck217088', 925]]"
3647,200412,,"[['Truck217058', 1001]]"
3648,200412,,"[['Truck217090', 922]]"
3653,200412,,"[['Truck217040', 1052]]"
3657,200000,,"[['Truck217087', 941]]"
3659,200000,,"[['Truck217059', 1013]]"
3663,200412,,"[['Truck217078', 967]]"
3668,200000,,"[['Truck217093', 937]]"
3670,200000,,"[['Truck217057', 1029]]"
3672,200000,,"[['Truck217041', 1071]]"
3673,200000,,"[['Truck217053', 1042]]"
3673,200412,,"[['Truck217048', 1052]]"
3676,200412,,"[['Truck217084', 965]]"
3677,200000,,"[['Truck217103', 921]]"
3680,200000,,"[['Truck217089', 959]]"
3685,200000,,"[['Truck217079', 989]]"
3685,200412,,"[['Truck217100', 934]]"
3697,200000,,"[['Truck217081', 996]]"
3701,200412,,"[['Truck217056', 1060]]"
3704,200412,,"[['Truck217068', 1033]]"
3706,200412,,"[['Truck217070', 1030]]"
3707,200412,,"[['Truck217066', 1041]]"
3708,200000,,"[['Truck217047', 1092]]"
3708,200412,,"[['Truck217064', 1047]]"
3709,200412,,"[['Truck217096', 968]]"
3710,200000,,"[['Truck217063', 1054]]"
3712,200412,,"[['Truck217086', 996]]"
3715,200412,,"[['Truck217050', 1089]]"
3716,200412,,"[['Truck217082', 1010]]"
3723,200412,,"[['Truck217114', 937]]"
3725,200000,,"[['Truck217069', 1054]]"
3725,200412,,"[['Truck217116', 934]]"
3726,200000,,"[['Truck217127', 910]]"
3730,200412,,"[['Truck217076', 1039], ['Truck217108', 959]]"
3731,200000,,"[['Truck217107', 965]]"
3732,200412,,"[['Truck217126', 916]]"
3738,200412,,"[['Truck217098', 992]]"
3739,200412,,"[['Truck217046', 1123]]"
3742,200000,,"[['Truck217123', 936]]"
3746,200412,,"[['Truck217092', 1015]]"
3750,200000,,"[['Truck217085', 1039]]"
3750,200412,,"[['Truck217080', 1049]]"
3752,200000,,"[['Truck217109', 981]]"
3753,200000,,"[['Truck217101', 1002], ['Truck217113', 972]]"
3766,200000,,"[['Truck217061', 1115]]"
3772,200000,,"[['Truck217077', 1081]]"
3774,200000,,"[['Truck217083', 1068]]"
3774,200412,,"[['Truck217120', 973]]"
3775,200412,,"[['Truck217110', 999]]"
3781,200000,,"[['Truck217075', 1095]]"
3785,200000,,"[['Truck217117', 994]]"
3788,200000,,"[['Truck217097', 1047]]"
3790,200412,,"[['Truck217132', 959]]"
3791,200412,,"[['Truck217112', 1010]]"
3794,200412,,"[['Truck217106', 1028]]"
3803,200412,,"[['Truck217128', 982], ['Truck217138', 957]]"
3806,200000,,"[['Truck217099', 1060]]"
3808,200412,,"[['Truck217094', 1072]]"
3809,200412,,"[['Truck217156', 918]]"
3814,200412,,"[['Truck217122', 1008]]"
3816,200412,,"[['Truck217170', 890]]"
3817,200000,,"[['Truck217183', 861]]"
3818,200000,,"[['Truck217111', 1042]]"
3826,200000,,"[['Truck217141', 975]]"
3826,200412,,"[['Truck217152', 945]]"
3832,200000,,"[['Truck217157', 941]]"
3834,200000,,"[['Truck217129', 1013]]"
3835,200412,,"[['Truck217148', 964]]"
3838,200412,,"[['Truck217136', 997]]"
3839,200000,,"[['Truck217091', 1113]]"
3839,200412,,"[['Truck217140', 988]]"
3842,200412,,"[['Truck217154', 956]]"
3843,200412,,"[['Truck217118', 1047], ['Truck217134', 1007]]"
3844,200412,,"[['Truck217102', 1088], ['Truck217146', 978]]"
3845,200000,,"[['Truck217105', 1084]]"
3848,200000,,"[['Truck217119', 1052]]"
3850,200000,,"[['Truck217125', 1039]]"
3857,200000,,"[['Truck217121', 1056]]"
3857,200412,,"[['Truck217104', 1096]]"
3859,200000,,"[['Truck217149', 988]]"
3859,200412,,"[['Truck217130', 1033]]"
3864,200412,,"[['Truck217124', 1053]]"
3865,200000,,"[['Truck217143', 1009]]"
3866,200412,,"[['Truck217166', 950]]"
3870,200000,,"[['Truck217135', 1034]]"
3877,200000,,"[['Truck217145', 1016]]"
3879,200000,,"[['Truck217153', 998]]"
3879,200412,,"[['Truck217142', 1023]]"
3880,200412,,"[['Truck217188', 909]]"
3883,200000,,"[['Truck217161', 982]]"
3884,200000,,"[['Truck217131', 1058]]"
3885,200412,,"[['Truck217158', 989]]"
3887,200412,,"[['Truck217172', 956]]"
3889,200000,,"[['Truck217201', 888]]"
3891,200000,,"[['Truck217115', 1105]]"
3893,200000,,"[['Truck217151', 1017]]"
3897,200000,,"[['Truck217139', 1051]]"
3903,200412,,"[['Truck217182', 947]]"
3909,200412,,"[['Truck217164', 998]]"
3911,200000,,"[['Truck217133', 1080]]"
3914,200412,,"[['Truck217176', 973]]"
3918,200412,,"[['Truck217160', 1017]]"
3923,200412,,"[['Truck217174', 987]]"
3926,200412,,"[['Truck217222', 870]]"
3932,200412,,"[['Truck217144', 1071]]"
3938,200000,,"[['Truck217137', 1097], ['Truck217173', 1007]]"
3941,200412,,"[['Truck217186', 975]]"
3946,200000,,"[['Truck217225', 885]]"
3948,200000,,"[['Truck217207', 932]]"
3950,200412,,"[['Truck217206', 934]]"
3952,200000,,"[['Truck217155', 1066], ['Truck217165', 1041]]"
3952,200412,,"[['Truck217180', 1001]]"
3954,200412,,"[['Truck217224', 893]]"
3955,200000,,"[['Truck217191', 979]]"
3958,200000,,"[['Truck217147', 1092]]"
3962,200000,,"[['Truck217169', 1041]]"
3964,200000,,"[['Truck217177', 1023]]"
3973,200412,,"[['Truck217150', 1097]]"
3975,200000,,"[['Truck217163', 1069]]"
3979,200000,,"[['Truck217211', 953]]"
3981,200000,,"[['Truck217181', 1030]]"
3981,200412,,"[['Truck217210', 955]]"
3983,200412,,"[['Truck217178', 1037]]"
3984,200000,,"[['Truck217213', 953]]"
3990,200000,,"[['Truck217179', 1044]]"
3992,200000,,"[['Truck217197', 1001]]"
3994,200000,,"[['Truck217175', 1058]]"
3995,200000,,"[['Truck217171', 1069], ['Truck217205', 984]]"
3995,200412,,"[['Truck217202', 989]]"
3996,200000,,"[['Truck217187', 1030]]"
4000,200000,,"[['Truck217203', 994]]"
4002,200412,,"[['Truck217196', 1011]]"
4007,200000,,"[['Truck217159', 1111]]"
4009,200412,,"[['Truck217232', 928]]"
4010,200000,,"[['Truck217195', 1024]]"
4010,200412,,"[['Truck217184', 1049]]"
4011,200412,,"[['Truck217168', 1090], ['Truck217190', 1035]]"
4023,200000,,"[['Truck217221', 972]]"
4023,200412,,"[['Truck217198', 1027]]"
4025,200000,,"[['Truck217199', 1029]]"
4025,200412,,"[['Truck217204', 1014]]"
4028,200412,,"[['Truck217256', 887]]"
4029,200000,,"[['Truck217227', 963]]"
4031,200412,,"[['Truck217260', 880]]"
4035,200412,,"[['Truck217212', 1004], ['Truck217228', 964]]"
4037,200000,,"[['Truck217167', 1121]]"
4037,200412,,"[['Truck217216', 996]]"
4038,200000,,"[['Truck217193', 1057]]"
4039,200412,,"[['Truck217194', 1053]]"
4040,200412,,"[['Truck217162', 1134]]"
4043,200412,,"[['Truck217218', 997]]"
4044,200000,,"[['Truck217185', 1083]]"
4045,200000,,"[['Truck217189', 1074]]"
4049,200412,,"[['Truck217214', 1013]]"
4056,200412,,"[['Truck217242', 950]]"
4057,200000,,"[['Truck217215', 1021]]"
4058,200412,,"[['Truck217246', 942]]"
4061,200000,,"[['Truck217229', 990]]"
4066,200000,,"[['Truck217233', 985]]"
4067,200000,,"[['Truck217243', 961]]"
4068,200000,,"[['Truck217253', 937]]"
4069,200412,,"[['Truck217192', 1088]]"
4070,200000,,"[['Truck217217', 1029]]"
4071,200000,,"[['Truck217231', 995]]"
4072,200412,,"[['Truck217236', 981]]"
4073,200412,,"[['Truck217220', 1022]]"
4076,200412,,"[['Truck217244', 965]]"
4077,200412,,"[['Truck217274', 891]]"
4084,200000,,"[['Truck217209', 1063]]"
4084,200412,,"[['Truck217208', 1063]]"
4086,200000,,"[['Truck217247', 970]]"
4090,200412,,"[['Truck217250', 964]]"
4091,200000,,"[['Truck217223', 1035], ['Truck217251', 965]]"
4094,200412,,"[['Truck217230', 1018]]"
4095,200000,,"[['Truck217263', 939]]"
4100,200000,,"[['Truck217279', 904]]"
4100,200412,,"[['Truck217200', 1099]]"
4102,200000,,"[['Truck217237', 1011]]"
4116,200412,,"[['Truck217240', 1015]]"
4120,200000,,"[['Truck217259', 974]]"
4121,200412,,"[['Truck217226', 1055]]"
4124,200412,,"[['Truck217278', 928]]"
4131,200000,,"[['Truck217239', 1035], ['Truck217241', 1030]]"
4132,200412,,"[['Truck217292', 901]]"
4137,200000,,"[['Truck217249', 1016]]"
4137,200412,,"[['Truck217268', 966]]"
4139,200412,,"[['Truck217264', 978]]"
4148,200412,,"[['Truck217248', 1027]]"
4149,200412,,"[['Truck217280', 948]]"
4157,200000,,"[['Truck217271', 981]]"
4163,200412,,"[['Truck217252', 1032]]"
4167,200412,,"[['Truck217258', 1021]]"
4174,200000,,"[['Truck217277', 983]]"
4174,200412,,"[['Truck217254', 1038]]"
4177,200000,,"[['Truck217235', 1091]]"
4180,200000,,"[['Truck217219', 1134]]"
4180,200412,,"[['Truck217234', 1094]]"
4181,200000,,"[['Truck217295', 945]]"
4185,200412,,"[['Truck217302', 929]]"
4188,200000,,"[['Truck217261', 1037], ['Truck217285', 977]]"
4191,200412,,"[['Truck217262', 1035]]"
4193,200412,,"[['Truck217284', 982]]"
4195,200412,,"[['Truck217276', 1004]]"
4196,200000,,"[['Truck217265', 1035]]"
4198,200412,,"[['Truck217308', 927]]"
4200,200412,,"[['Truck217238', 1104]]"
4204,200000,,"[['Truck217245', 1093]]"
4205,200000,,"[['Truck217315', 919]]"
4210,200412,,"[['Truck217322', 904]]"
4213,200000,,"[['Truck217267', 1047]]"
4216,200412,,"[['Truck217306', 950]]"
4219,200000,,"[['Truck217257', 1078]]"
4222,200412,,"[['Truck217298', 976]]"
4224,200412,,"[['Truck217296', 983]]"
4225,200412,,"[['Truck217310', 949]]"
4227,200000,,"[['Truck217297', 986]]"
4229,200412,,"[['Truck217270', 1053]]"
4233,200000,,"[['Truck217275', 1047]]"
4237,200412,,"[['Truck217294', 1001]]"
4238,200412,,"[['Truck217290', 1012]]"
4241,200000,,"[['Truck217255', 1105], ['Truck217299', 995]]"
4243,200412,,"[['Truck217286', 1027]]"
4244,200000,,"[['Truck217273', 1063]]"
4247,200000,,"[['Truck217289', 1026]]"
4247,200412,,"[['Truck217266', 1081]]"
4248,200000,,"[['Truck217323', 942]]"
4250,200000,,"[['Truck217303', 994]]"
4253,200000,,"[['Truck217281', 1052]]"
4254,200000,,"[['Truck217321', 953]]"
4255,200000,,"[['Truck217319', 959]]"
4263,200412,,"[['Truck217304', 1002]]"
4267,200000,,"[['Truck217341', 916]]"
4269,200000,,"[['Truck217301', 1018]]"
4271,200000,,"[['Truck217305', 1010]]"
4272,200000,,"[['Truck217293', 1041]]"
4272,200412,,"[['Truck217288', 1051]]"
4273,200412,,"[['Truck217316', 982]]"
4274,200412,,"[['Truck217338', 928]]"
4275,200412,,"[['Truck217312', 994]]"
4277,200000,,"[['Truck217287', 1061]]"
4282,200412,,"[['Truck217272', 1101]]"
4283,200412,,"[['Truck217282', 1077]]"
4285,200000,,"[['Truck217283', 1079]]"
4285,200412,,"[['Truck217366', 869]]"
4290,200000,,"[['Truck217317', 999]]"
4294,200412,,"[['Truck217314', 1008]]"
4296,200000,,"[['Truck217307', 1030]]"
4297,200412,,"[['Truck217318', 1001]]"
4303,200000,,"[['Truck217313', 1022]]"
4307,200000,,"[['Truck217269', 1136]]"
4310,200412,,"[['Truck217300', 1059]]"
4318,200000,,"[['Truck217309', 1047]]"
4322,200000,,"[['Truck217311', 1046]]"
4323,200412,,"[['Truck217344', 962]]"
4327,200412,,"[['Truck217342', 971]]"
4329,200412,,"[['Truck217326', 1013]]"
4332,200000,,"[['Truck217359', 936]]"
4334,200000,,"[['Truck217325', 1023]]"
4335,200000,,"[['Truck217331', 1009]]"
4336,200000,,"[['Truck217291', 1110]]"
4338,200000,,"[['Truck217329', 1017]]"
4338,200412,,"[['Truck217328', 1017]]"
4340,200000,,"[['Truck217335', 1004]]"
4341,200412,,"[['Truck217330', 1015]]"
4350,200412,,"[['Truck217324', 1039]]"
4352,200000,,"[['Truck217357', 961]]"
4353,200412,,"[['Truck217332', 1022], ['Truck217362', 947]]"
4356,200412,,"[['Truck217320', 1055]]"
4361,200412,,"[['Truck217340', 1010]]"
4363,200000,,"[['Truck217343', 1007]]"
4363,200412,,"[['Truck217354', 977]]"
4364,200000,,"[['Truck217369', 943]]"
4364,200412,,"[['Truck217336', 1023]]"
4365,200412,,"[['Truck217350', 989]]"
4367,200412,,"[['Truck217334', 1031]]"
4370,200000,,"[['Truck217351', 994]]"
4370,200412,,"[['Truck217364', 959], ['Truck217376', 929]]"
4378,200000,,"[['Truck217353', 997]]"
4382,200000,,"[['Truck217379', 936]]"
4383,200000,,"[['Truck217339', 1037]]"
4383,200412,,"[['Truck217352', 1002]]"
4386,200000,,"[['Truck217345', 1025]]"
4389,200412,,"[['Truck217346', 1023]]"
4391,200000,,"[['Truck217327', 1075]]"
4392,200412,,"[['Truck217370', 966], ['Truck217382', 936]]"
4405,200412,,"[['Truck217372', 974]]"
4408,200000,,"[['Truck217337', 1067]]"
4410,200000,,"[['Truck217355', 1024]]"
4414,200412,,"[['Truck217430', 838]]"
4418,200000,,"[['Truck217361', 1017]]"
4418,200412,,"[['Truck217396', 927]]"
4419,200000,,"[['Truck217333', 1088]]"
4420,200412,,"[['Truck217356', 1029]]"
4423,200000,,"[['Truck217387', 957]]"
4429,200412,,"[['Truck217360', 1028], ['Truck217406', 913]]"
4431,200000,,"[['Truck217383', 975]]"
4431,200412,,"[['Truck217348', 1060]]"
4433,200412,,"[['Truck217392', 952]]"
4436,200000,,"[['Truck217391', 960], ['Truck217399', 940]]"
4440,200412,,"[['Truck217378', 994]]"
4442,200000,,"[['Truck217367', 1026]]"
4446,200000,,"[['Truck217371', 1020]]"
4447,200412,,"[['Truck217374', 1011]]"
4450,200412,,"[['Truck217380', 999]]"
4454,200000,,"[['Truck217381', 1003]]"
4459,200412,,"[['Truck217394', 973]]"
4461,200000,,"[['Truck217363', 1055]]"
4462,200412,,"[['Truck217436', 871]]"
4464,200000,,"[['Truck217347', 1098]]"
4470,200412,,"[['Truck217368', 1049]]"
4472,200000,,"[['Truck217419', 926]]"
4475,200000,,"[['Truck217375', 1039]]"
4478,200412,,"[['Truck217408', 957]]"
4480,200000,,"[['Truck217389', 1009]]"
4484,200412,,"[['Truck217358', 1088]]"
4488,200000,,"[['Truck217395', 1002]]"
4489,200412,,"[['Truck217384', 1028]]"
4490,200412,,"[['Truck217426', 924]]"
4491,200412,,"[['Truck217386', 1025]]"
4492,200000,,"[['Truck217429', 921]]"
4498,200000,,"[['Truck217397', 1007]]"
4499,200000,,"[['Truck217377', 1058]]"
4501,200412,,"[['Truck217442', 895]]"
4503,200000,,"[['Truck217349', 1132], ['Truck217405', 992]]"
4508,200000,,"[['Truck217403', 1002]]"
4509,200000,,"[['Truck217373', 1078], ['Truck217421', 958]]"
4513,200000,,"[['Truck217365', 1102]]"
4518,200000,,"[['Truck217423', 962]]"
4521,200000,,"[['Truck217447', 905]]"
4521,200412,,"[['Truck217398', 1025]]"
4524,200000,,"[['Truck217401', 1023]]"
4527,200412,,"[['Truck217400', 1026], ['Truck217404', 1016]]"
4528,200412,,"[['Truck217412', 997]]"
4532,200000,,"[['Truck217407', 1016]]"
4535,200000,,"[['Truck217415', 999]]"
4540,200000,,"[['Truck217393', 1059]]"
4542,200000,,"[['Truck217427', 976]]"
4543,200000,,"[['Truck217433', 962]]"
4544,200412,,"[['Truck217390', 1068]]"
4547,200000,,"[['Truck217385', 1086]]"
4556,200412,,"[['Truck217388', 1085]]"
4557,200412,,"[['Truck217452', 926]]"
4559,200412,,"[['Truck217424', 998]]"
4564,200412,,"[['Truck217402', 1058]]"
4568,200412,,"[['Truck217438', 972]]"
4570,200000,,"[['Truck217413', 1039]]"
4572,200000,,"[['Truck217411', 1046]]"
4572,200412,,"[['Truck217416', 1031], ['Truck217420', 1021], ['Truck217422', 1016]]"
4573,200412,,"[['Truck217410', 1047]]"
4579,200000,,"[['Truck217457', 938]]"
4581,200412,,"[['Truck217414', 1045]]"
4582,200000,,"[['Truck217465', 921]]"
4584,200000,,"[['Truck217487', 868]]"
4585,200412,,"[['Truck217440', 984]]"
4590,200000,,"[['Truck217425', 1029]]"
4590,200412,,"[['Truck217470', 914]]"
4591,200412,,"[['Truck217444', 980]]"
4594,200000,,"[['Truck217417', 1053], ['Truck217439', 998]]"
4595,200412,,"[['Truck217418', 1049]]"
4597,200000,,"[['Truck217431', 1021], ['Truck217461', 946]]"
4599,200000,,"[['Truck217441', 998]]"
4599,200412,,"[['Truck217450', 973]]"
4600,200000,,"[['Truck217449', 979]]"
4601,200412,,"[['Truck217472', 920]]"
4603,200000,,"[['Truck217443', 997]]"
4611,200000,,"[['Truck217409', 1090]]"
4613,200000,,"[['Truck217459', 967]]"
4615,200000,,"[['Truck217435', 1029]]"
4617,200412,,"[['Truck217428', 1046]]"
4620,200412,,"[['Truck217434', 1034]]"
4621,200000,,"[['Truck217455', 985]]"
4626,200000,,"[['Truck217437', 1035]]"
4631,200000,,"[['Truck217445', 1020]]"
4634,200000,,"[['Truck217463', 978]]"
4641,200000,,"[['Truck217477', 950]]"
4641,200412,,"[['Truck217462', 985], ['Truck217466', 975]]"
4644,200000,,"[['Truck217471', 968]]"
4653,200412,,"[['Truck217486', 937]]"
4657,200412,,"[['Truck217478', 961]]"
4665,200000,,"[['Truck217467', 999]]"
4665,200412,,"[['Truck217460', 1014]]"
4667,200412,,"[['Truck217446', 1051]]"
4669,200412,,"[['Truck217454', 1033]]"
4671,200000,,"[['Truck217451', 1045]]"
4678,200000,,"[['Truck217453', 1047]]"
4680,200412,,"[['Truck217458', 1034], ['Truck217480', 979]]"
4682,200000,,"[['Truck217503', 926]]"
4685,200412,,"[['Truck217432', 1104]]"
4694,200412,,"[['Truck217482', 988]]"
4698,200412,,"[['Truck217492', 967]]"
4700,200000,,"[['Truck217479', 1004]]"
4702,200412,,"[['Truck217474', 1016]]"
4704,200000,,"[['Truck217483', 998]]"
4705,200000,,"[['Truck217485', 994]]"
4705,200412,,"[['Truck217464', 1044]]"
4706,200412,,"[['Truck217496', 965]]"
4707,200000,,"[['Truck217501', 956]]"
4708,200412,,"[['Truck217484', 997]]"
4715,200412,,"[['Truck217520', 914]]"
4717,200412,,"[['Truck217456', 1076]]"
4718,200000,,"[['Truck217493', 987]]"
4719,200412,,"[['Truck217468', 1048]]"
4721,200000,,"[['Truck217491', 995]]"
4722,200000,,"[['Truck217497', 981]]"
4725,200412,,"[['Truck217510', 949]]"
4726,200412,,"[['Truck217508', 955]]"
4731,200412,,"[['Truck217530', 905]]"
4733,200412,,"[['Truck217514', 947]]"
4737,200000,,"[['Truck217469', 1066]]"
4740,200412,,"[['Truck217476', 1049]]"
4743,200412,,"[['Truck217502', 987]]"
4746,200000,,"[['Truck217481', 1045]]"
4751,200000,,"[['Truck217509', 980]]"
4767,200000,,"[['Truck217495', 1031]]"
4769,200412,,"[['Truck217524', 958]]"
4770,200412,,"[['Truck217536', 929]]"
4773,200000,,"[['Truck217515', 987]]"
4773,200412,,"[['Truck217448', 1152]]"
4778,200412,,"[['Truck217504', 1017]]"
4782,200000,,"[['Truck217475', 1096]]"
4782,200412,,"[['Truck217506', 1016]]"
4783,200000,,"[['Truck217535', 947]]"
4783,200412,,"[['Truck217490', 1057]]"
4784,200412,,"[['Truck217488', 1063]]"
4785,200000,,"[['Truck217489', 1064]]"
4786,200412,,"[['Truck217498', 1040]]"
4787,200000,,"[['Truck217547', 921]]"
4795,200000,,"[['Truck217511', 1019], ['Truck217523', 989], ['Truck217553', 914]]"
4798,200000,,"[['Truck217525', 987]]"
4800,200412,,"[['Truck217512', 1019]]"
4801,200000,,"[['Truck217529', 980]]"
4803,200000,,"[['Truck217499', 1057]]"
4806,200000,,"[['Truck217531', 980]]"
4807,200412,,"[['Truck217538', 961]]"
4809,200412,,"[['Truck217522', 1003]]"
4811,200000,,"[['Truck217533', 980]]"
4812,200000,,"[['Truck217507', 1046]]"
4812,200412,,"[['Truck217580', 861]]"
4814,200412,,"[['Truck217516', 1023]]"
4818,200000,,"[['Truck217473', 1137], ['Truck217513', 1037]]"
4824,200000,,"[['Truck217567', 908]]"
4826,200000,,"[['Truck217517', 1035]]"
4830,200000,,"[['Truck217551', 954]]"
4832,200412,,"[['Truck217518', 1036]]"
4839,200000,,"[['Truck217543', 983]]"
4839,200412,,"[['Truck217534', 1003], ['Truck217546', 973], ['Truck217550', 963]]"
4842,200000,,"[['Truck217505', 1081]]"
4842,200412,,"[['Truck217500', 1091]]"
4850,200000,,"[['Truck217519', 1054]]"
4854,200000,,"[['Truck217545', 993]]"
4858,200000,,"[['Truck217521', 1057]]"
4859,200412,,"[['Truck217526', 1043]]"
4860,200000,,"[['Truck217549', 989]]"
4861,200412,,"[['Truck217560', 960]]"
4865,200412,,"[['Truck217594', 879]]"
4872,200000,,"[['Truck217555', 986]]"
4872,200412,,"[['Truck217554', 986]]"
4873,200412,,"[['Truck217494', 1137]]"
4878,200412,,"[['Truck217532', 1047]]"
4882,200412,,"[['Truck217588', 911]]"
4884,200412,,"[['Truck217542', 1028], ['Truck217552', 1003]]"
4886,200000,,"[['Truck217539', 1040]]"
4891,200000,,"[['Truck217559', 995]]"
4896,200412,,"[['Truck217596', 905]]"
4898,200000,,"[['Truck217581', 947]]"
4899,200000,,"[['Truck217537', 1058]]"
4901,200412,,"[['Truck217590', 925]]"
4904,200412,,"[['Truck217548', 1033]]"
4905,200000,,"[['Truck217541', 1054]]"
4906,200000,,"[['Truck217571', 980]]"
4906,200412,,"[['Truck217528', 1085]]"
4908,200412,,"[['Truck217576', 967]]"
4909,200412,,"[['Truck217562', 1003]]"
4911,200412,,"[['Truck217566', 995], ['Truck217598', 915]]"
4915,200000,,"[['Truck217561', 1014]]"
4916,200412,,"[['Truck217570', 990]]"
4918,200000,,"[['Truck217589', 947]]"
4925,200000,,"[['Truck217603', 919]]"
4926,200412,,"[['Truck217572', 995]]"
4930,200412,,"[['Truck217578', 984]]"
4931,200000,,"[['Truck217583', 975]]"
4933,200000,,"[['Truck217569', 1012]]"
4934,200000,,"[['Truck217565', 1023], ['Truck217573', 1003]]"
4938,200412,,"[['Truck217582', 982]]"
4940,200412,,"[['Truck217556', 1049], ['Truck217568', 1019], ['Truck217608', 919]]"
4942,200000,,"[['Truck217527', 1126]]"
4946,200412,,"[['Truck217544', 1085]]"
4951,200412,,"[['Truck217586', 985]]"
4952,200000,,"[['Truck217585', 991]]"
4955,200000,,"[['Truck217595', 969]]"
4958,200000,,"[['Truck217557', 1067]]"
4965,200412,,"[['Truck217558', 1069]]"
4971,200000,,"[['Truck217627', 905]]"
4976,200412,,"[['Truck217540', 1125]]"
4977,200000,,"[['Truck217611', 951]]"
4979,200412,,"[['Truck217616', 938]]"
4982,200412,,"[['Truck217574', 1046]]"
4987,200000,,"[['Truck217579', 1041]]"
4996,200412,,"[['Truck217606', 980]]"
5000,200000,,"[['Truck217587', 1034], ['Truck217609', 979]]"
5000,200412,,"[['Truck217622', 944]]"
5001,200412,,"[['Truck217618', 955]]"
5002,200000,,"[['Truck217577', 1061]]"
5004,200000,,"[['Truck217591', 1028]]"
5004,200412,,"[['Truck217600', 1003], ['Truck217602', 998]]"
5005,200000,,"[['Truck217615', 969], ['Truck217619', 959]]"
5015,200000,,"[['Truck217599', 1019]]"
5021,200000,,"[['Truck217623', 965]]"
5021,200412,,"[['Truck217584', 1060], ['Truck217614', 985]]"
5025,200000,,"[['Truck217621', 974]]"
5026,200412,,"[['Truck217564', 1115]]"
5027,200000,,"[['Truck217617', 986]]"
5032,200412,,"[['Truck217604', 1021]]"
5035,200000,,"[['Truck217629', 964]]"
5038,200000,,"[['Truck217607', 1022]]"
5039,200412,,"[['Truck217592', 1058]]"
5043,200000,,"[['Truck217637', 952]]"
5044,200000,,"[['Truck217597', 1053]]"
5045,200000,,"[['Truck217563', 1139]]"
5054,200000,,"[['Truck217593', 1073]]"
5060,200412,,"[['Truck217610', 1034], ['Truck217620', 1009]]"
5064,200412,,"[['Truck217632', 983]]"
5069,200412,,"[['Truck217628', 998]]"
5072,200000,,"[['Truck217613', 1041]]"
5078,200000,,"[['Truck217575', 1142]]"
5080,200000,,"[['Truck217633', 999]]"
5081,200412,,"[['Truck217630', 1005]]"
5087,200000,,"[['Truck217601', 1086]]"
5088,200412,,"[['Truck217612', 1057]]"
5093,200000,,"[['Truck217651', 967], ['Truck217683', 887]]"
5094,200412,,"[['Truck217638', 998]]"
5104,200000,,"[['Truck217641', 1003]]"
5111,200000,,"[['Truck217645', 1000]]"
5112,200412,,"[['Truck217662', 956]]"
5114,200000,,"[['Truck217647', 998]]"
5115,200412,,"[['Truck217624', 1054]]"
5118,200000,,"[['Truck217679', 922]]"
5119,200000,,"[['Truck217605', 1108]]"
5119,200412,,"[['Truck217672', 938]]"
5126,200000,,"[['Truck217687', 910]]"
5128,200000,,"[['Truck217631', 1052], ['Truck217643', 1022]]"
5128,200412,,"[['Truck217636', 1037]]"
5137,200412,,"[['Truck217626', 1071]]"
5144,200000,,"[['Truck217655', 1008], ['Truck217665', 983]]"
5152,200000,,"[['Truck217669', 981]]"
5153,200000,,"[['Truck217685', 942]]"
5153,200412,,"[['Truck217634', 1067]]"
5156,200000,,"[['Truck217693', 925]]"
5158,200000,,"[['Truck217625', 1097]]"
5162,200000,,"[['Truck217673', 981]]"
5167,200000,,"[['Truck217691', 941]]"
5169,200000,,"[['Truck217649', 1048]]"
5169,200412,,"[['Truck217642', 1063], ['Truck217668', 998]]"
5170,200000,,"[['Truck217667', 1004]]"
5172,200000,,"[['Truck217681', 971]]"
5174,200000,,"[['Truck217653', 1043]]"
5174,200412,,"[['Truck217674', 988]]"
5182,200000,,"[['Truck217663', 1026]]"
5184,200412,,"[['Truck217640', 1083]]"
5185,200000,,"[['Truck217639', 1089], ['Truck217661', 1034]]"
5187,200412,,"[['Truck217656', 1046]]"
5188,200412,,"[['Truck217704', 927]]"
5195,200412,,"[['Truck217690', 969]]"
5200,200412,,"[['Truck217654', 1064]]"
5201,200000,,"[['Truck217689', 980]]"
5206,200412,,"[['Truck217692', 975]]"
5207,200000,,"[['Truck217707', 941]]"
5208,200412,,"[['Truck217680', 1007]]"
5209,200412,,"[['Truck217644', 1098]]"
5213,200412,,"[['Truck217658', 1067]]"
5214,200000,,"[['Truck217635', 1128]]"
5214,200412,,"[['Truck217696', 973]]"
5220,200412,,"[['Truck217676', 1029]]"
5221,200000,,"[['Truck217657', 1080]]"
5223,200412,,"[['Truck217650', 1097]]"
5226,200412,,"[['Truck217646', 1110]]"
5228,200000,,"[['Truck217701', 977]]"
5228,200412,,"[['Truck217720', 927]]"
5232,200412,,"[['Truck217666', 1066]]"
5235,200412,,"[['Truck217702', 979]]"
5236,200412,,"[['Truck217670', 1060]]"
5239,200000,,"[['Truck217729', 918]]"
5239,200412,,"[['Truck217652', 1108]]"
5240,200000,,"[['Truck217671', 1064]]"
5240,200412,,"[['Truck217648', 1119]]"
5243,200000,,"[['Truck217733', 912]]"
5246,200000,,"[['Truck217705', 985]]"
5250,200000,,"[['Truck217697', 1009]]"
5251,200412,,"[['Truck217712', 970]]"
5252,200412,,"[['Truck217700', 1001]]"
5257,200000,,"[['Truck217677', 1066], ['Truck217719', 961]]"
5257,200412,,"[['Truck217688', 1036]]"
5259,200412,,"[['Truck217678', 1063]]"
5262,200412,,"[['Truck217718', 966]]"
5264,200412,,"[['Truck217682', 1058]]"
5267,200000,,"[['Truck217699', 1021]]"
5270,200412,,"[['Truck217684', 1059]]"
5272,200412,,"[['Truck217710', 996]]"
5274,200412,,"[['Truck217708', 1003]]"
5281,200412,,"[['Truck217664', 1120]]"
5283,200000,,"[['Truck217711', 1007]]"
5284,200000,,"[['Truck217659', 1138]]"
5285,200000,,"[['Truck217725', 974]]"
5286,200412,,"[['Truck217706', 1020]]"
5290,200412,,"[['Truck217660', 1139]]"
5292,200000,,"[['Truck217695', 1056]]"
5293,200412,,"[['Truck217698', 1047]]"
5296,200000,,"[['Truck217703', 1040]]"
5297,200000,,"[['Truck217761', 896]]"
5297,200412,,"[['Truck217694', 1061]]"
5298,200412,,"[['Truck217686', 1082]]"
5302,200000,,"[['Truck217727', 986]]"
5306,200000,,"[['Truck217721', 1005]]"
5306,200412,,"[['Truck217728', 985]]"
5308,200412,,"[['Truck217724', 997]]"
5312,200000,,"[['Truck217753', 931]]"
5315,200000,,"[['Truck217715', 1029]]"
5318,200000,,"[['Truck217737', 977], ['Truck217745', 957]]"
5320,200412,,"[['Truck217736', 979]]"
5323,200412,,"[['Truck217742', 967]]"
5325,200412,,"[['Truck217734', 989], ['Truck217748', 954]]"
5328,200000,,"[['Truck217743', 972]]"
5332,200000,,"[['Truck217739', 986]]"
5334,200000,,"[['Truck217709', 1063]]"
5334,200412,,"[['Truck217746', 968]]"
5336,200000,,"[['Truck217751', 960]]"
5339,200000,,"[['Truck217731', 1013]]"
5343,200412,,"[['Truck217716', 1052], ['Truck217732', 1012]]"
5344,200000,,"[['Truck217675', 1158]]"
5345,200412,,"[['Truck217762', 939]]"
5347,200000,,"[['Truck217749', 976]]"
5351,200000,,"[['Truck217723', 1045]]"
5352,200412,,"[['Truck217714', 1066]]"
5354,200412,,"[['Truck217744', 993]]"
5365,200000,,"[['Truck217763', 959]]"
5365,200412,,"[['Truck217758', 969]]"
5366,200000,,"[['Truck217717', 1075]]"
5367,200412,,"[['Truck217756', 976]]"
5377,200000,,"[['Truck217759', 981]]"
5381,200412,,"[['Truck217726', 1065]]"
5383,200412,,"[['Truck217752', 1002]]"
5384,200000,,"[['Truck217771', 958]]"
5384,200412,,"[['Truck217730', 1058]]"
5387,200412,,"[['Truck217722', 1081]]"
5392,200000,,"[['Truck217781', 941]]"
5392,200412,,"[['Truck217754', 1006]]"
5393,200000,,"[['Truck217757', 1002]]"
5394,200000,,"[['Truck217747', 1028]]"
5397,200412,,"[['Truck217768', 976]]"
5400,200412,,"[['Truck217772', 969]]"
5401,200412,,"[['Truck217740', 1050]]"
5404,200412,,"[['Truck217774', 968]]"
5407,200000,,"[['Truck217789', 936]]"
5408,200000,,"[['Truck217735', 1072]]"
5410,200000,,"[['Truck217769', 989]]"
5415,200000,,"[['Truck217777', 974]]"
5419,200000,,"[['Truck217741', 1068]]"
5420,200000,,"[['Truck217773', 989]]"
5422,200412,,"[['Truck217804', 911]]"
5425,200000,,"[['Truck217765', 1014]]"
5428,200412,,"[['Truck217784', 967]]"
5430,200000,,"[['Truck217801', 929]]"
5434,200000,,"[['Truck217767', 1018]]"
5435,200412,,"[['Truck217764', 1024]]"
5441,200412,,"[['Truck217818', 895]]"
5449,200412,,"[['Truck217792', 968]]"
5451,200412,,"[['Truck217808', 930]]"
5452,200000,,"[['Truck217755', 1066]]"
5452,200412,,"[['Truck217788', 981]]"
5453,200412,,"[['Truck217794', 967]]"
5457,200000,,"[['Truck217797', 966], ['Truck217829', 886]]"
5460,200412,,"[['Truck217750', 1084]]"
5462,200000,,"[['Truck217813', 931]]"
5462,200412,,"[['Truck217798', 966]]"
5464,200000,,"[['Truck217783', 1008]]"
5465,200000,,"[['Truck217713', 1184]]"
5465,200412,,"[['Truck217738', 1119]]"
5470,200412,,"[['Truck217766', 1054]]"
5482,200412,,"[['Truck217858', 836]]"
5484,200000,,"[['Truck217779', 1038]]"
5487,200412,,"[['Truck217824', 926]]"
5493,200000,,"[['Truck217795', 1007]]"
5496,200412,,"[['Truck217812', 965]]"
5500,200000,,"[['Truck217775', 1064]]"
5500,200412,,"[['Truck217840', 899]]"
5504,200412,,"[['Truck217760', 1103]]"
5507,200000,,"[['Truck217787', 1041]]"
5507,200412,,"[['Truck217826', 941]]"
5508,200412,,"[['Truck217776', 1067]]"
5509,200412,,"[['Truck217800', 1008]]"
5510,200412,,"[['Truck217790', 1034]]"
5513,200000,,"[['Truck217831', 937]]"
5514,200000,,"[['Truck217799', 1018]]"
5515,200000,,"[['Truck217791', 1039]]"
5523,200412,,"[['Truck217796', 1032]]"
5527,200412,,"[['Truck217780', 1076]]"
5531,200000,,"[['Truck217785', 1070]]"
5531,200412,,"[['Truck217802', 1025]]"
5532,200000,,"[['Truck217815', 996]]"
5534,200412,,"[['Truck217836', 943]]"
5536,200000,,"[['Truck217841', 935]]"
5538,200412,,"[['Truck217782', 1082]]"
5540,200000,,"[['Truck217809', 1019]]"
5542,200412,,"[['Truck217850', 916]]"
5544,200412,,"[['Truck217810', 1018]]"
5547,200000,,"[['Truck217803', 1041]]"
5551,200000,,"[['Truck217793', 1070]]"
5556,200412,,"[['Truck217816', 1015]]"
5561,200000,,"[['Truck217805', 1050]]"
5563,200000,,"[['Truck217819', 1017]]"
5563,200412,,"[['Truck217876', 872]]"
5565,200000,,"[['Truck217823', 1009]]"
5565,200412,,"[['Truck217778', 1119]]"
5568,200000,,"[['Truck217807', 1052], ['Truck217817', 1027]]"
5569,200000,,"[['Truck217825', 1008]]"
5570,200412,,"[['Truck217806', 1054], ['Truck217846', 954]]"
5575,200000,,"[['Truck217859', 929]]"
5578,200412,,"[['Truck217828', 1007]]"
5579,200412,,"[['Truck217868', 908]]"
5580,200412,,"[['Truck217814', 1044], ['Truck217844', 969]]"
5585,200000,,"[['Truck217867', 919]]"
5587,200412,,"[['Truck217830', 1011]]"
5590,200000,,"[['Truck217855', 954]]"
5592,200412,,"[['Truck217786', 1126]]"
5594,200000,,"[['Truck217861', 943]]"
5599,200412,,"[['Truck217770', 1173]]"
5600,200000,,"[['Truck217843', 994]]"
5603,200000,,"[['Truck217847', 987]]"
5608,200000,,"[['Truck217833', 1027]]"
5610,200000,,"[['Truck217827', 1044]]"
5612,200000,,"[['Truck217811', 1086]]"
5613,200000,,"[['Truck217837', 1022]]"
5613,200412,,"[['Truck217834', 1027], ['Truck217838', 1017]]"
5614,200000,,"[['Truck217851', 988]]"
5615,200412,,"[['Truck217860', 964]]"
5617,200412,,"[['Truck217832', 1036]]"
5619,200000,,"[['Truck217849', 998], ['Truck217871', 943]]"
5620,200000,,"[['Truck217873', 939]]"
5624,200000,,"[['Truck217889', 903]]"
5624,200412,,"[['Truck217842', 1018]]"
5634,200412,,"[['Truck217870', 958]]"
5635,200000,,"[['Truck217821', 1084]]"
5640,200000,,"[['Truck217879', 944]]"
5649,200412,,"[['Truck217854', 1013]]"
5650,200000,,"[['Truck217887', 934]]"
5651,200412,,"[['Truck217856', 1010]]"
5658,200000,,"[['Truck217877', 967]]"
5659,200000,,"[['Truck217839', 1063]]"
5661,200000,,"[['Truck217835', 1075]]"
5665,200412,,"[['Truck217878', 969]]"
5666,200412,,"[['Truck217900', 915]]"
5669,200412,,"[['Truck217848', 1048]]"
5670,200412,,"[['Truck217872', 989]]"
5674,200000,,"[['Truck217857', 1033]]"
5675,200412,,"[['Truck217864', 1014]]"
5680,200000,,"[['Truck217897', 939]]"
5680,200412,,"[['Truck217822', 1124]]"
5682,200412,,"[['Truck217820', 1131]]"
5686,200412,,"[['Truck217880', 985]]"
5690,200000,,"[['Truck217845', 1079]]"
5693,200412,,"[['Truck217892', 962]]"
5695,200000,,"[['Truck217869', 1024]]"
5696,200000,,"[['Truck217881', 995]]"
5697,200000,,"[['Truck217853', 1066]]"
5698,200412,,"[['Truck217924', 887]]"
5699,200412,,"[['Truck217926', 883]]"
5705,200000,,"[['Truck217893', 974]]"
5711,200000,,"[['Truck217937', 870]]"
5714,200412,,"[['Truck217852', 1083]]"
5715,200000,,"[['Truck217907', 949]]"
5718,200412,,"[['Truck217866', 1052]]"
5720,200412,,"[['Truck217896', 979]]"
5724,200000,,"[['Truck217923', 918]]"
5726,200412,,"[['Truck217862', 1070]]"
5731,200412,,"[['Truck217886', 1015]]"
5736,200000,,"[['Truck217875', 1050]]"
5737,200000,,"[['Truck217863', 1081]]"
5739,200412,,"[['Truck217898', 993]]"
5740,200000,,"[['Truck217865', 1079], ['Truck217883', 1034]]"
5742,200412,,"[['Truck217882', 1036]]"
5743,200000,,"[['Truck217895', 1007]]"
5746,200000,,"[['Truck217913', 965], ['Truck217917', 955]]"
5750,200000,,"[['Truck217899', 1004]]"
5750,200412,,"[['Truck217890', 1024], ['Truck217904', 989]]"
5753,200412,,"[['Truck217920', 952]]"
5755,200412,,"[['Truck217902', 999]]"
5762,200000,,"[['Truck217965', 851]]"
5763,200000,,"[['Truck217891', 1037]]"
5767,200000,,"[['Truck217885', 1056]]"
5771,200412,,"[['Truck217874', 1085]]"
5772,200000,,"[['Truck217901', 1021]]"
5778,200000,,"[['Truck217909', 1007]]"
5781,200412,,"[['Truck217922', 975]]"
5785,200412,,"[['Truck217930', 959]]"
5786,200412,,"[['Truck217932', 955]]"
5794,200412,,"[['Truck217888', 1073]]"
5797,200412,,"[['Truck217918', 1001]]"
5799,200412,,"[['Truck217952', 918]]"
5803,200412,,"[['Truck217908', 1032]]"
5804,200412,,"[['Truck217940', 953]]"
5805,200000,,"[['Truck217939', 959]]"
5807,200000,,"[['Truck217927', 991]]"
5809,200000,,"[['Truck217951', 933]]"
5809,200412,,"[['Truck217916', 1018]]"
5814,200000,,"[['Truck217921', 1013]]"
5814,200412,,"[['Truck217912', 1033]]"
5815,200000,,"[['Truck217915', 1029]]"
5817,200412,,"[['Truck217894', 1081]]"
5819,200000,,"[['Truck217905', 1058]]"
5823,200000,,"[['Truck217903', 1067], ['Truck217935', 987]]"
5824,200000,,"[['Truck217949', 953]]"
5830,200000,,"[['Truck217947', 964]]"
5830,200412,,"[['Truck217884', 1119], ['Truck217970', 904]]"
5835,200000,,"[['Truck217953', 954]]"
5848,200000,,"[['Truck217941', 997]]"
5855,200412,,"[['Truck217972', 924]]"
5856,200000,,"[['Truck217911', 1080]]"
5856,200412,,"[['Truck217944', 995], ['Truck217956', 965], ['Truck217960', 955]]"
5864,200412,,"[['Truck217910', 1088]]"
5868,200000,,"[['Truck217973', 937]]"
5870,200000,,"[['Truck217933', 1039]]"
5870,200412,,"[['Truck217906', 1104]]"
5873,200000,,"[['Truck217931', 1047]]"
5874,200412,,"[['Truck217914', 1088]]"
5877,200412,,"[['Truck217936', 1036]]"
5878,200412,,"[['Truck217928', 1057]]"
5880,200000,,"[['Truck217969', 959]]"
5881,200000,,"[['Truck217961', 980]]"
5889,200412,,"[['Truck217964', 978]]"
5896,200412,,"[['Truck217934', 1060]]"
5897,200000,,"[['Truck217925', 1086]]"
5902,200412,,"[['Truck217948', 1031], ['Truck217958', 1006]]"
5904,200000,,"[['Truck217919', 1108], ['Truck217989', 933]]"
5905,200000,,"[['Truck217979', 959], ['Truck217991', 929]]"
5907,200000,,"[['Truck217945', 1046]]"
5907,200412,,"[['Truck217966', 991]]"
5909,200000,,"[['Truck217929', 1088]]"
5909,200412,,"[['Truck217954', 1023], ['Truck217982', 953]]"
5911,200412,,"[['Truck217998', 915]]"
5917,200000,,"[['Truck217999', 921]]"
5921,200000,,"[['Truck217963', 1015]]"
5924,200412,,"[['Truck217962', 1018]]"
5925,200000,,"[['Truck217975', 989]]"
5926,200412,,"[['Truck217996', 935]]"
5927,200412,,"[['Truck217986', 961]]"
5928,200412,,"[['Truck218008', 907]]"
5929,200000,,"[['Truck217943', 1073]]"
5934,200000,,"[['Truck217983', 978]]"
5934,200412,,"[['Truck217978', 988]]"
5935,200000,,"[['Truck217955', 1049]]"
5935,200412,,"[['Truck217992', 954]]"
5936,200412,,"[['Truck217938', 1090]]"
5939,200412,,"[['Truck217942', 1083]]"
5943,200000,,"[['Truck217981', 992]]"
5947,200412,,"[['Truck217950', 1071]]"
5948,200000,,"[['Truck217957', 1057]]"
5948,200412,,"[['Truck217980', 997]]"
5949,200000,,"[['Truck217967', 1033]]"
5950,200000,,"[['Truck218001', 949]]"
5961,200000,,"[['Truck218005', 950]]"
5962,200412,,"[['Truck217974', 1026]]"
5964,200000,,"[['Truck217987', 998], ['Truck217995', 978]]"
5970,200000,,"[['Truck217997', 979]]"
5975,200000,,"[['Truck217993', 994]]"
5975,200412,,"[['Truck217968', 1054]]"
5978,200412,,"[['Truck217946', 1112], ['Truck217988', 1007]]"
5982,200412,,"[['Truck217994', 996]]"
5984,200412,,"[['Truck217984', 1023], ['Truck217990', 1008]]"
5988,200000,,"[['Truck217971', 1062]]"
5992,200000,,"[['Truck218021', 941]]"
5999,200000,,"[['Truck217959', 1103]]"
5999,200412,,"[['Truck218016', 958]]"
6001,200000,,"[['Truck218003', 995], ['Truck218013', 970]]"
6009,200000,,"[['Truck218033', 928]]"
6013,200412,,"[['Truck218006', 997]]"
6022,200000,,"[['Truck217985', 1061]]"
6023,200000,,"[['Truck218011', 997]]"
6027,200000,,"[['Truck218025', 966]]"
6028,200412,,"[['Truck218002', 1022]]"
6030,200412,,"[['Truck218018', 984]]"
6033,200000,,"[['Truck218041', 932]]"
6037,200000,,"[['Truck218007', 1021]]"
6040,200412,,"[['Truck218004', 1029]]"
6044,200412,,"[['Truck217976', 1103]]"
6048,200412,,"[['Truck218020', 997]]"
6050,200000,,"[['Truck217977', 1109]]"
6054,200000,,"[['Truck218061', 903]]"
6056,200000,,"[['Truck218031', 980]]"
6057,200412,,"[['Truck218000', 1056]]"
6063,200000,,"[['Truck218029', 992]]"
6063,200412,,"[['Truck218076', 872]]"
6067,200412,,"[['Truck218010', 1041]]"
6070,200000,,"[['Truck218035', 984]]"
6070,200412,,"[['Truck218030', 994]]"
6074,200000,,"[['Truck218039', 978]]"
6079,200412,,"[['Truck218042', 973]]"
6090,200000,,"[['Truck218067', 924]]"
6091,200000,,"[['Truck218009', 1070]]"
6093,200000,,"[['Truck218051', 967]]"
6093,200412,,"[['Truck218012', 1062]]"
6097,200412,,"[['Truck218050', 971]]"
6100,200412,,"[['Truck218048', 979]]"
6102,200000,,"[['Truck218059', 956]]"
6103,200000,,"[['Truck218027', 1037]]"
6104,200000,,"[['Truck218019', 1058]]"
6107,200000,,"[['Truck218043', 1001]]"
6109,200412,,"[['Truck218026', 1043], ['Truck218056', 968]]"
6110,200412,,"[['Truck218046', 994]]"
6111,200412,,"[['Truck218058', 965]]"
6113,200000,,"[['Truck218017', 1072]]"
6113,200412,,"[['Truck218028', 1042]]"
6117,200412,,"[['Truck218062', 961]]"
6118,200000,,"[['Truck218083', 912]]"
6118,200412,,"[['Truck218024', 1057], ['Truck218040', 1017]]"
6119,200412,,"[['Truck218032', 1038]]"
6120,200000,,"[['Truck218023', 1064], ['Truck218071', 944]]"
6122,200000,,"[['Truck218037', 1031]]"
6124,200000,,"[['Truck218063', 968]]"
6126,200412,,"[['Truck218036', 1035]]"
6127,200412,,"[['Truck218060', 976]]"
6129,200000,,"[['Truck218069', 958]]"
6129,200412,,"[['Truck218034', 1043]]"
6131,200000,,"[['Truck218087', 915]]"
6134,200000,,"[['Truck218053', 1003]]"
6134,200412,,"[['Truck218044', 1023]]"
6135,200000,,"[['Truck218055', 999]]"
6135,200412,,"[['Truck218014', 1099]]"
6140,200412,,"[['Truck218078', 944]]"
6142,200412,,"[['Truck218022', 1086]]"
6157,200412,,"[['Truck218092', 926]]"
6158,200412,,"[['Truck218090', 932]]"
6159,200000,,"[['Truck218079', 963]]"
6160,200412,,"[['Truck218074', 974]]"
6162,200000,,"[['Truck218073', 981]]"
6165,200412,,"[['Truck218080', 964]]"
6166,200000,,"[['Truck218045', 1055]]"
6168,200000,,"[['Truck218109', 897]]"
6172,200000,,"[['Truck218015', 1136]]"
6176,200412,,"[['Truck218068', 1005]]"
6182,200000,,"[['Truck218065', 1021]]"
6182,200412,,"[['Truck218052', 1051]]"
6188,200412,,"[['Truck218038', 1092]]"
6190,200000,,"[['Truck218057', 1049], ['Truck218077', 999]]"
6193,200412,,"[['Truck218070', 1017]]"
6197,200000,,"[['Truck218099', 951]]"
6197,200412,,"[['Truck218082', 991]]"
6199,200412,,"[['Truck218104', 938]]"
6200,200412,,"[['Truck218084', 989]]"
6202,200000,,"[['Truck218085', 991]]"
6203,200412,,"[['Truck218098', 957]]"
6204,200000,,"[['Truck218103', 948]]"
6204,200412,,"[['Truck218112', 923]]"
6207,200000,,"[['Truck218047', 1091]]"
6209,200000,,"[['Truck218081', 1008], ['Truck218089', 988]]"
6214,200000,,"[['Truck218075', 1028]]"
6220,200000,,"[['Truck218049', 1099]]"
6223,200412,,"[['Truck218100', 972]]"
6224,200000,,"[['Truck218095', 988]]"
6227,200000,,"[['Truck218093', 996]]"
6227,200412,,"[['Truck218114', 941]]"
6233,200412,,"[['Truck218064', 1072]]"
6237,200000,,"[['Truck218101', 986]]"
6238,200000,,"[['Truck218091', 1012]]"
6240,200412,,"[['Truck218054', 1104]]"
6248,200412,,"[['Truck218106', 982]]"
6250,200412,,"[['Truck218066', 1084]]"
6251,200412,,"[['Truck218124', 940]]"
6254,200000,,"[['Truck218097', 1013]]"
6256,200000,,"[['Truck218115', 970]]"
6264,200412,,"[['Truck218086', 1048]]"
6269,200000,,"[['Truck218143', 913]]"
6274,200000,,"[['Truck218107', 1008]]"
6282,200412,,"[['Truck218072', 1101]]"
6283,200412,,"[['Truck218122', 977]]"
6286,200000,,"[['Truck218113', 1005]]"
6290,200000,,"[['Truck218145', 929]]"
6293,200000,,"[['Truck218111', 1017]]"
6297,200000,,"[['Truck218121', 996]]"
6301,200412,,"[['Truck218088', 1080]]"
6302,200412,,"[['Truck218094', 1066]]"
6309,200412,,"[['Truck218120', 1008]]"
6311,200000,,"[['Truck218131', 985]]"
6315,200000,,"[['Truck218117', 1024]]"
6316,200412,,"[['Truck218118', 1020]]"
6317,200412,,"[['Truck218110', 1041]]"
6320,200000,,"[['Truck218151', 944]]"
6326,200000,,"[['Truck218129', 1005]]"
6326,200412,,"[['Truck218130', 1000]]"
6335,200000,,"[['Truck218105', 1074]]"
6336,200412,,"[['Truck218116', 1045]]"
6341,200412,,"[['Truck218096', 1100]]"
6343,200412,,"[['Truck218102', 1087]]"
6345,200000,,"[['Truck218141', 994]]"
6345,200412,,"[['Truck218150', 969], ['Truck218160', 944]]"
6349,200412,,"[['Truck218168', 928]]"
6355,200412,,"[['Truck218138', 1009], ['Truck218158', 959]]"
6357,200000,,"[['Truck218137', 1016]]"
6360,200412,,"[['Truck218136', 1019]]"
6362,200000,,"[['Truck218135', 1026]]"
6366,200000,,"[['Truck218163', 960]]"
6366,200412,,"[['Truck218108', 1095]]"
6367,200000,,"[['Truck218125', 1056]]"
6370,200000,,"[['Truck218155', 984]]"
6371,200000,,"[['Truck218157', 980]]"
6373,200412,,"[['Truck218132', 1042], ['Truck218144', 1012], ['Truck218176', 932]]"
6377,200000,,"[['Truck218127', 1061]]"
6379,200412,,"[['Truck218142', 1023]]"
6381,200412,,"[['Truck218154', 995]]"
6382,200000,,"[['Truck218173', 951]]"
6383,200412,,"[['Truck218152', 1002]]"
6384,200000,,"[['Truck218149', 1013]]"
6386,200412,,"[['Truck218140', 1035]]"
6387,200412,,"[['Truck218126', 1071]]"
6389,200000,,"[['Truck218177', 948]]"
6392,200000,,"[['Truck218119', 1096]]"
6394,200412,,"[['Truck218166', 978]]"
6397,200000,,"[['Truck218147', 1031]]"
6397,200412,,"[['Truck218206', 881]]"
6406,200000,,"[['Truck218171', 980]]"
6407,200000,,"[['Truck218169', 986]]"
6415,200412,,"[['Truck218134', 1079]]"
6418,200000,,"[['Truck218133', 1087], ['Truck218199', 922]]"
6420,200412,,"[['Truck218180', 969]]"
6421,200000,,"[['Truck218123', 1115]]"
6424,200412,,"[['Truck218148', 1053]]"
6426,200000,,"[['Truck218195', 940]]"
6428,200000,,"[['Truck218179', 982]]"
6430,200000,,"[['Truck218153', 1049]]"
6430,200412,,"[['Truck218190', 954]]"
6432,200000,,"[['Truck218167', 1016]]"
6433,200000,,"[['Truck218189', 962]]"
6433,200412,,"[['Truck218170', 1007]]"
6438,200412,,"[['Truck218146', 1072], ['Truck218178', 992]]"
6443,200000,,"[['Truck218191', 967]]"
6444,200412,,"[['Truck218196', 953]]"
6449,200412,,"[['Truck218172', 1018]]"
6450,200412,,"[['Truck218184', 989]]"
6451,200000,,"[['Truck218185', 990]]"
6453,200000,,"[['Truck218159', 1057], ['Truck218161', 1052], ['Truck218165', 1042]]"
6462,200412,,"[['Truck218162', 1056]]"
6464,200412,,"[['Truck218128', 1143]]"
6466,200000,,"[['Truck218209', 945]]"
6469,200000,,"[['Truck218139', 1123]]"
6474,200000,,"[['Truck218181', 1023]]"
6476,200000,,"[['Truck218201', 975]]"
6486,200000,,"[['Truck218207', 970]]"
6486,200412,,"[['Truck218198', 990]]"
6491,200000,,"[['Truck218205', 980]]"
6493,200000,,"[['Truck218193', 1012]]"
6493,200412,,"[['Truck218174', 1057], ['Truck218202', 987]]"
6495,200412,,"[['Truck218192', 1014]]"
6500,200000,,"[['Truck218213', 969]]"
6504,200000,,"[['Truck218239', 908]]"
6506,200412,,"[['Truck218212', 975]]"
6509,200000,,"[['Truck218223', 953]]"
6510,200412,,"[['Truck218182', 1054]]"
6514,200412,,"[['Truck218194', 1028]]"
6515,200412,,"[['Truck218216', 974]]"
6516,200412,,"[['Truck218210', 990]]"
6517,200412,,"[['Truck218156', 1126]]"
6520,200000,,"[['Truck218197', 1029]]"
6525,200412,,"[['Truck218228', 954]]"
6526,200000,,"[['Truck218183', 1070]]"
6526,200412,,"[['Truck218186', 1060]]"
6527,200412,,"[['Truck218204', 1016]]"
6535,200412,,"[['Truck218200', 1034]]"
6541,200412,,"[['Truck218230', 965]]"
6544,200412,,"[['Truck218232', 963]]"
6545,200412,,"[['Truck218164', 1134], ['Truck218208', 1024]]"
6546,200000,,"[['Truck218211', 1020]]"
6548,200412,,"[['Truck218224', 987]]"
6552,200412,,"[['Truck218188', 1081], ['Truck218222', 996]]"
6560,200000,,"[['Truck218203', 1054]]"
6562,200000,,"[['Truck218247', 946]]"
6562,200412,,"[['Truck218242', 956]]"
6568,200000,,"[['Truck218217', 1027]]"
6568,200412,,"[['Truck218268', 897]]"
6570,200412,,"[['Truck218214', 1034]]"
6574,200000,,"[['Truck218237', 983]]"
6577,200000,,"[['Truck218221', 1026]]"
6580,200000,,"[['Truck218175', 1144], ['Truck218219', 1034]]"
6582,200000,,"[['Truck218215', 1046]]"
6583,200412,,"[['Truck218220', 1032]]"
6584,200000,,"[['Truck218231', 1008], ['Truck218257', 943], ['Truck218261', 933]]"
6587,200000,,"[['Truck218187', 1121]]"
6601,200412,,"[['Truck218258', 955]]"
6603,200412,,"[['Truck218262', 947]]"
6604,200000,,"[['Truck218227', 1038]]"
6605,200000,,"[['Truck218255', 969]]"
6611,200000,,"[['Truck218229', 1040]]"
6612,200412,,"[['Truck218256', 971]]"
6613,200000,,"[['Truck218241', 1012]]"
6615,200412,,"[['Truck218250', 989]]"
6617,200412,,"[['Truck218254', 981]]"
6618,200000,,"[['Truck218243', 1012]]"
6618,200412,,"[['Truck218282', 912]]"
6619,200412,,"[['Truck218252', 988]]"
6620,200000,,"[['Truck218235', 1034]]"
6621,200000,,"[['Truck218297', 880]]"
6622,200000,,"[['Truck218225', 1061]]"
6622,200412,,"[['Truck218234', 1036], ['Truck218288', 901]]"
6626,200412,,"[['Truck218270', 950]]"
6627,200000,,"[['Truck218265', 966]]"
6630,200412,,"[['Truck218240', 1029]]"
6632,200000,,"[['Truck218259', 986]]"
6633,200412,,"[['Truck218218', 1087]]"
6641,200412,,"[['Truck218272', 960]]"
6643,200000,,"[['Truck218233', 1062]]"
6647,200000,,"[['Truck218253', 1016]]"
6651,200412,,"[['Truck218246', 1035]]"
6659,200412,,"[['Truck218248', 1038]]"
6664,200000,,"[['Truck218281', 963], ['Truck218295', 928]]"
6668,200000,,"[['Truck218263', 1012]]"
6670,200000,,"[['Truck218301', 919]]"
6673,200000,,"[['Truck218249', 1052]]"
6674,200412,,"[['Truck218274', 988]]"
6675,200000,,"[['Truck218251', 1049]]"
6677,200412,,"[['Truck218238', 1081]]"
6684,200412,,"[['Truck218236', 1093]]"
6686,200412,,"[['Truck218284', 975]]"
6692,200412,,"[['Truck218260', 1041]]"
6696,200000,,"[['Truck218293', 965]]"
6698,200412,,"[['Truck218280', 997]]"
6704,200412,,"[['Truck218244', 1093]]"
6709,200412,,"[['Truck218298', 963]]"
6713,200000,,"[['Truck218279', 1017]]"
6713,200412,,"[['Truck218226', 1147]]"
6714,200000,,"[['Truck218245', 1103], ['Truck218267', 1048]]"
6718,200412,,"[['Truck218292', 987]]"
6719,200000,,"[['Truck218311', 943]]"
6720,200412,,"[['Truck218266', 1054]]"
6722,200000,,"[['Truck218291', 996]]"
6724,200412,,"[['Truck218314', 938]]"
6725,200000,,"[['Truck218269', 1054]]"
6729,200000,,"[['Truck218277', 1038]]"
6730,200412,,"[['Truck218264', 1069]]"
6732,200000,,"[['Truck218335', 896]]"
6733,200412,,"[['Truck218296', 992]]"
6734,200000,,"[['Truck218289', 1013], ['Truck218305', 973]]"
6735,200000,,"[['Truck218299', 989]]"
6735,200412,,"[['Truck218300', 984]]"
6736,200000,,"[['Truck218313', 955]]"
6736,200412,,"[['Truck218286', 1020], ['Truck218320', 935]]"
6738,200000,,"[['Truck218331', 912]]"
6739,200000,,"[['Truck218285', 1028]]"
6745,200412,,"[['Truck218278', 1049]]"
6746,200000,,"[['Truck218273', 1065], ['Truck218303', 990]]"
6746,200412,,"[['Truck218294', 1010]]"
6755,200000,,"[['Truck218287', 1039]]"
6755,200412,,"[['Truck218304', 994]]"
6756,200000,,"[['Truck218275', 1070], ['Truck218323', 950]]"
6758,200000,,"[['Truck218271', 1082]]"
6760,200412,,"[['Truck218342', 904]]"
6764,200000,,"[['Truck218327', 948]]"
6768,200000,,"[['Truck218309', 997]]"
6769,200000,,"[['Truck218283', 1063]]"
6778,200412,,"[['Truck218308', 1007], ['Truck218338', 932]]"
6779,200412,,"[['Truck218324', 968]]"
6784,200000,,"[['Truck218329', 963]]"
6785,200412,,"[['Truck218290', 1059]]"
6786,200412,,"[['Truck218330', 960]]"
6787,200000,,"[['Truck218321', 986]]"
6788,200000,,"[['Truck218307', 1022]]"
6788,200412,,"[['Truck218306', 1022]]"
6794,200000,,"[['Truck218347', 928]]"
6795,200412,,"[['Truck218312', 1014]]"
6797,200412,,"[['Truck218302', 1041]]"
6799,200412,,"[['Truck218332', 968]]"
6801,200412,,"[['Truck218322', 995]]"
6802,200412,,"[['Truck218344', 941]]"
6807,200412,,"[['Truck218276', 1116]]"
6812,200412,,"[['Truck218328', 991]]"
6815,200000,,"[['Truck218325', 1004]]"
6815,200412,,"[['Truck218340', 964]]"
6828,200000,,"[['Truck218389', 857]]"
6828,200412,,"[['Truck218352', 947]]"
6829,200412,,"[['Truck218316', 1038]]"
6831,200000,,"[['Truck218371', 905]]"
6832,200000,,"[['Truck218353', 951]]"
6833,200412,,"[['Truck218354', 947]]"
6841,200412,,"[['Truck218334', 1005]]"
6843,200000,,"[['Truck218315', 1057]]"
6846,200000,,"[['Truck218339', 1000]]"
6847,200412,,"[['Truck218360', 946]]"
6850,200000,,"[['Truck218349', 979]]"
6851,200000,,"[['Truck218355', 965]]"
6851,200412,,"[['Truck218348', 980]]"
6853,200000,,"[['Truck218367', 937]]"
6854,200000,,"[['Truck218369', 933]]"
6865,200412,,"[['Truck218318', 1069]]"
6871,200000,,"[['Truck218343', 1015]]"
6872,200000,,"[['Truck218319', 1076]]"
6877,200000,,"[['Truck218341', 1026]]"
6878,200412,,"[['Truck218350', 1002]]"
6879,200412,,"[['Truck218368', 958]]"
6890,200000,,"[['Truck218317', 1099]]"
6892,200000,,"[['Truck218357', 1001]]"
6903,200000,,"[['Truck218337', 1062]]"
6910,200412,,"[['Truck218310', 1134]]"
6911,200000,,"[['Truck218333', 1080], ['Truck218345', 1050]]"
6911,200412,,"[['Truck218346', 1045]]"
6914,200412,,"[['Truck218362', 1008]]"
6917,200412,,"[['Truck218326', 1101]]"
6921,200000,,"[['Truck218363', 1015]]"
6923,200412,,"[['Truck218372', 992]]"
6924,200412,,"[['Truck218370', 998]]"
6925,200000,,"[['Truck218361', 1024]]"
6928,200412,,"[['Truck218394', 942]]"
6937,200412,,"[['Truck218356', 1046]]"
6940,200412,,"[['Truck218388', 969]]"
6942,200412,,"[['Truck218364', 1031]]"
6943,200000,,"[['Truck218365', 1032], ['Truck218381', 992]]"
6946,200412,,"[['Truck218384', 985]]"
6949,200412,,"[['Truck218390', 973]]"
6955,200412,,"[['Truck218358', 1059]]"
6959,200412,,"[['Truck218376', 1018], ['Truck218382', 1003]]"
6960,200000,,"[['Truck218351', 1084]]"
6962,200000,,"[['Truck218397', 971]]"
6963,200412,,"[['Truck218404', 952]]"
6968,200412,,"[['Truck218428', 897]]"
6969,200412,,"[['Truck218416', 928]]"
6974,200000,,"[['Truck218373', 1043]]"
6975,200412,,"[['Truck218378', 1029]]"
6979,200412,,"[['Truck218336', 1138]]"
6983,200000,,"[['Truck218399', 987]]"
6984,200000,,"[['Truck218391', 1008]]"
6985,200412,,"[['Truck218386', 1019]]"
6988,200412,,"[['Truck218412', 957]]"
6991,200000,,"[['Truck218359', 1095]]"
6994,200412,,"[['Truck218414', 958]]"
6998,200412,,"[['Truck218380', 1047]]"
7002,200000,,"[['Truck218401', 1001], ['Truck218439', 906]]"
7004,200412,,"[['Truck218374', 1068]]"
7005,200412,,"[['Truck218444', 894]]"
7006,200412,,"[['Truck218400', 1005]]"
7009,200412,,"[['Truck218406', 993]]"
7015,200412,,"[['Truck218398', 1019]]"
7022,200000,,"[['Truck218429', 951]]"
7023,200000,,"[['Truck218387', 1057]]"
7023,200412,,"[['Truck218396', 1032]]"
7024,200000,,"[['Truck218377', 1083]]"
7027,200000,,"[['Truck218379', 1081], ['Truck218383', 1071], ['Truck218385', 1066]]"
7029,200412,,"[['Truck218430', 953]]"
7032,200000,,"[['Truck218417', 991]]"
7035,200412,,"[['Truck218432', 954]]"
7040,200000,,"[['Truck218375', 1104]]"
7041,200000,,"[['Truck218393', 1060]]"
7044,200412,,"[['Truck218434', 958]]"
7046,200000,,"[['Truck218425', 985]]"
7046,200412,,"[['Truck218418', 1000]]"
7047,200412,,"[['Truck218426', 981]]"
7053,200412,,"[['Truck218366', 1137]]"
7056,200412,,"[['Truck218468', 885]]"
7060,200412,,"[['Truck218438', 964]]"
7062,200412,,"[['Truck218408', 1041]]"
7066,200000,,"[['Truck218421', 1015]]"
7069,200000,,"[['Truck218415', 1033]]"
7070,200000,,"[['Truck218395', 1084]]"
7070,200412,,"[['Truck218462', 914]]"
7071,200412,,"[['Truck218410', 1045]]"
7073,200000,,"[['Truck218403', 1067]]"
7074,200412,,"[['Truck218392', 1093]]"
7075,200412,,"[['Truck218452', 944], ['Truck218456', 934]]"
7077,200000,,"[['Truck218405', 1066]]"
7079,200000,,"[['Truck218437', 988]]"
7082,200000,,"[['Truck218459', 936]]"
7084,200412,,"[['Truck218422', 1028]]"
7085,200000,,"[['Truck218423', 1029]]"
7086,200412,,"[['Truck218402', 1080]]"
7090,200000,,"[['Truck218433', 1009]]"
7093,200412,,"[['Truck218448', 972]]"
7094,200000,,"[['Truck218441', 993]]"
7095,200412,,"[['Truck218450', 969]]"
7102,200000,,"[['Truck218463', 946]]"
7103,200000,,"[['Truck218461', 952]]"
7106,200000,,"[['Truck218427', 1040]]"
7110,200000,,"[['Truck218409', 1089]]"
7113,200000,,"[['Truck218455', 977]]"
7114,200000,,"[['Truck218413', 1083]]"
7116,200412,,"[['Truck218466', 950]]"
7117,200412,,"[['Truck218420', 1066], ['Truck218436', 1026]]"
7123,200000,,"[['Truck218449', 1002]]"
7124,200000,,"[['Truck218469', 953]]"
7126,200000,,"[['Truck218419', 1080]]"
7127,200412,,"[['Truck218442', 1021]]"
7133,200000,,"[['Truck218451', 1007]]"
7138,200000,,"[['Truck218445', 1027]]"
7138,200412,,"[['Truck218482', 932]]"
7142,200412,,"[['Truck218474', 956]]"
7148,200000,,"[['Truck218435', 1062]]"
7148,200412,,"[['Truck218458', 1002]]"
7152,200000,,"[['Truck218411', 1126]]"
7153,200000,,"[['Truck218475', 967]]"
7154,200000,,"[['Truck218453', 1023]]"
7158,200000,,"[['Truck218407', 1142]]"
7161,200412,,"[['Truck218446', 1045]]"
7163,200000,,"[['Truck218447', 1047]]"
7166,200412,,"[['Truck218504', 905]]"
7168,200412,,"[['Truck218454', 1032]]"
7169,200412,,"[['Truck218472', 988]]"
7171,200000,,"[['Truck218443', 1065]]"
7184,200000,,"[['Truck218467', 1018]]"
7189,200000,,"[['Truck218483', 983]]"
7191,200000,,"[['Truck218465', 1030]]"
7199,200000,,"[['Truck218485', 988]]"
7200,200412,,"[['Truck218424', 1139]]"
